domain,fetched_at,outcome,robots_url,robots_status,robots_sha256,robots_bytes
hubspot.com,2026-08-30T16:18:35+00:00,scored,https://www.hubspot.com/robots.txt,200,f5482ce94ad0d258fc6bb334e045beaaa07bf72ddea35e70120769664b0be366,12572
darntough.com,2026-08-31T00:54:46+00:00,scored,https://darntough.com/robots.txt,200,5fa40ce619d2e795ff4c5a146eef04fd8b48d8065d18df8857acb7510b45a1b1,3614
noaa.gov,2026-08-30T16:21:11+00:00,aborted: homepage returned HTTP 403,,,,
away.com,2026-08-30T16:16:21+00:00,aborted: homepage returned HTTP 429,,,,
contacto.lu,2026-08-30T10:01:10+00:00,aborted: homepage returned HTTP 403,,,,
sportzone.pt,2026-08-30T09:59:55+00:00,aborted: homepage returned HTTP 403,,,,
autohoje.com,2026-08-31T00:46:12+00:00,scored,http://autohoje.com/robots.txt,404,,
schoolhouse.com,2026-08-31T01:08:30+00:00,scored,https://schoolhouse.com/robots.txt,200,b64b719dcd72cfac9c334cecc6f5621f927d5b1183953e0285a87d53805c187e,5689
standvirtual.com,2026-08-30T10:00:42+00:00,scored,https://www.standvirtual.com/robots.txt,200,fd7c778ce2e5ab0f8fc97d925dba6c002654d3608783cd8754bc8da79522f71b,1054
subvisual.com,2026-08-30T10:03:36+00:00,scored,https://subvisual.com/robots.txt,200,c3e62cdb9175df8b2c9c5fa9ba6560b53525b2da0472363e10ded017798e6352,557
xhockware.com,2026-08-30T10:03:43+00:00,aborted: homepage unreachable: network: ConnectError,,,,
slack.com,2026-08-30T16:22:14+00:00,scored,https://slack.com/robots.txt,200,5cf267512c33523c02640ab26da932e2f6ccd78d88ff17cd8a540630d03104c6,520
glossier.com,2026-08-30T16:18:11+00:00,scored,https://www.glossier.com/robots.txt,200,67b4c9096d11f8314174dadee8b921e01219edf056f3d51d1fa9c7340aa27002,3632
amalsoap.com,2026-08-30T15:15:26+00:00,scored,https://amalsoap.com/robots.txt,200,573cb9e363b64fc50e61bbcb65fba698090eed140f648027bf7f11fa90d064eb,3616
doordash.com,2026-08-30T16:17:19+00:00,aborted: homepage returned HTTP 403,,,,
rust-lang.org,2026-08-30T16:21:46+00:00,scored,https://rust-lang.org/robots.txt,404,,
zwame.pt,2026-08-30T10:04:32+00:00,scored,https://forum.zwame.pt/robots.txt,200,34584f88c47ddf88938374a56acf9a5ce2135c06e362f94a5c08adfab7cab4ab,2544
strapi.io,2026-08-31T01:09:43+00:00,scored,https://strapi.io/robots.txt,200,fb73be919485111bbbf22fe7ba8b4a865852400b7b0edaed10ec403ee895f6fe,79
riopele.pt,2026-08-31T01:06:07+00:00,scored,https://riopele.pt/robots.txt,200,a86f8a61ecb575f22ade2c7229bfb193882c185efc72d3400de4600c7ac9a599,30
mytheresa.com,2026-08-31T01:01:06+00:00,scored,https://www.mytheresa.com/robots.txt,200,c8ab8bdac4b6eec6b443e8688b9863786125059d3bb3843584bc5cd674b9dd7e,10152
meetup.com,2026-08-30T16:19:37+00:00,scored,https://www.meetup.com/robots.txt,200,4bde94056acee32601824de4a03b71860f6ba94bfab4a9c363afba2ca26201b2,3770
cloudflare.com,2026-08-30T10:04:41+00:00,scored,https://www.cloudflare.com/robots.txt,200,c6e360cc6e931ea35c33ae917ff9e2194eb55f79f68e949ec54bcd4533324d98,1099
scheels.com,2026-08-31T01:08:30+00:00,scored,https://www.scheels.com/robots.txt,200,18eb3ad210f71d09fc76aff6a1cfe33f9ad4295b81976f5105cae46cfd93e5e3,1073
dickssportinggoods.com,2026-08-31T00:54:48+00:00,aborted: homepage returned HTTP 451,,,,
terraform.io,2026-08-31T01:10:58+00:00,scored,https://developer.hashicorp.com/robots.txt,200,dbc052c1ce223bc46d5d909ba08a49509a1246abd19d6b33a29d8c45641de9dc,198
sensei.tech,2026-08-30T10:03:33+00:00,scored,https://www.sensei.tech/robots.txt,200,a043fa81037fb130b6255456f8ba5bbb87e1c2757179344915d5c2e5391f66f1,98
abcnews.go.com,2026-08-30T16:15:02+00:00,scored,https://abcnews.com/robots.txt,200,098610c1754300696286f51092610e63aa28a9e4f5fca7d6398822a8364230ad,1702
salesloft.com,2026-08-31T01:08:19+00:00,scored,https://www.salesloft.com/robots.txt,200,e2e0e20807c5cf11daa6045ff2e908c9dc58992065d320dec3fa4c09888f02b7,86
lovesac.com,2026-08-31T00:59:28+00:00,scored,https://www.lovesac.com/robots.txt,200,020c5d5e117f3e60b867f57f45367c0b3d3e7b7fb2ab6a287cb86e51df74f027,548
aeiou.pt,2026-08-30T10:01:34+00:00,scored,https://www.aeiou.pt/robots.txt,200,59887db297f094c47362d146f771eb9e66a9b8521419034b8063fc39988b67eb,1949
rodonorte.pt,2026-08-31T01:06:09+00:00,scored,https://www.rodonorte.pt/robots.txt,404,,
siete.com,2026-08-30T16:22:15+00:00,scored,https://siete.com/robots.txt,200,f3712a9647efd35c216273dbf0e2cd50895ce3b032bf893f66f0e3240344124e,239
owala.com,2026-08-30T16:21:30+00:00,scored,https://www.owala.com/robots.txt,404,,
wish.com,2026-08-30T16:23:21+00:00,scored,https://www.wish.com/robots.txt,200,1485dd15bf8187f48a4afed18920d986e3ac1a2c541ab41e1a77dde9f1288335,565
probely.com,2026-08-30T10:03:32+00:00,scored,https://probely.com/robots.txt,200,ecbdf09437feae90585c93f1a0092b97ecc944e89745ce66e2e82c3575bac01b,247
allmodern.com,2026-08-31T00:49:11+00:00,scored,https://www.allmodern.com/robots.txt,200,ef18e43cbf2eb0d8c5d69025af3b82b5be920048e804441d78694e010e744328,2469
razaoautomovel.com,2026-08-31T01:05:09+00:00,scored,https://www.razaoautomovel.com/robots.txt,200,d4f8b2c45afa7fc891b21d2c5ceb38c724ef43d2d6a9bc7f01edccb9e3ed9c79,365
ricardoandrez.com,2026-08-31T01:06:06+00:00,scored,https://www.ricardoandrez.com/robots.txt,200,1675eb6410816e0884476f667cc3304bfaceea2a744f469432a2d277ca2b3a69,1511
backcountry.com,2026-08-30T16:15:26+00:00,scored,https://static.backcountry.com/robots.txt,403,,
elastic.co,2026-08-30T16:17:30+00:00,scored,https://www.elastic.co/robots.txt,200,cb7eebe0605b8000e26a792ee1425c1eaae408b2757cfbdad17a6a7ba2010882,37560
hipersuper.pt,2026-08-31T00:57:38+00:00,scored,https://hipersuper.pt/robots.txt,200,c6d285987af5487646ca5035023db2d710b5c8b02d9021c7076da46e90042421,2401
green2you.pt,2026-08-30T15:28:24+00:00,scored,https://green2you.pt/robots.txt,200,4848abcf2eea7a63c3742199469e829a852f6a1ba4b4264a30f30ff0780968e5,6316
thenorthface.com,2026-08-31T01:10:58+00:00,aborted: homepage returned HTTP 403,,,,
queridandorinha.pt,2026-08-30T15:43:14+00:00,scored,https://www.queridandorinha.pt/robots.txt,200,bd46feea3f42fcbfabbd60398afff94e9465d3bafb630a4157d90b1d5d4f9485,3658
globe.pt,2026-08-31T00:55:58+00:00,scored,https://globe.pt/robots.txt,200,a14b221c4bbef8805830eb6491586d0f195490f0c8f3ba90b166053035c7b5e3,2085
decathlon.pt,2026-08-30T09:56:54+00:00,aborted: homepage returned HTTP 403,,,,
nih.gov,2026-08-30T16:20:39+00:00,aborted: homepage returned HTTP 403,,,,
kinsta.com,2026-08-30T16:18:57+00:00,scored,https://kinsta.com/robots.txt,200,6b75e600fc59edf207075af09482f56737c7997bd2daa8c2a02e46851e6dedaf,523
bellagoma.pt,2026-08-30T15:15:28+00:00,scored,https://bellagoma.pt/robots.txt,200,37c9d3bbdbe6a4c9b428f321e58dcf591c430430d0b51821aeb6d1270302af28,5542
amplitude.com,2026-08-30T16:15:10+00:00,scored,https://amplitude.com/robots.txt,200,4a10ab3668ee42a4641ba43b0a9b70b7b223d2052e7b297b6395dc20e3a0c61d,546
exameinformatica.pt,2026-08-30T10:04:08+00:00,scored,https://visao.pt/robots.txt,200,0b526932e78907ac6d2f6bcc0ace59505582b17357fbc73e10821ce72a3f7c41,70
segment.com,2026-08-30T16:22:03+00:00,scored,https://www.twilio.com/robots.txt,200,138fe6da0c1b4682286cb07cb380e7968a940e8cf5a4d6834923fbb81aa626f0,975
randstad.pt,2026-08-31T01:04:59+00:00,scored,https://www.randstad.pt/robots.txt,200,3c3b0c4556413a0f33f63c68132fc7e54541710cbea9229d904a7638cccdcdba,723
parfois.com,2026-08-30T09:59:38+00:00,scored,https://www.parfois.com/robots.txt,200,dd14e9a96c6f9c2fff4849477cd14b698b2c1a81357d5c6771b12e38b1e17f96,1721
marinelayer.com,2026-08-30T16:19:27+00:00,scored,https://www.marinelayer.com/robots.txt,200,03e34e1902da762865e3c25f23c54b7f9c8b05fb859b16601c1f8631b641bb91,3636
skims.com,2026-08-31T01:08:58+00:00,scored,https://skims.com/robots.txt,200,764730c068ae849a8b2e1d6976bbe1caf73390995a900914cb7e77960578e723,18203
eddiebauer.com,2026-08-31T00:55:12+00:00,scored,https://www.eddiebauer.com/robots.txt,200,069ce83fa7818bcb1ef8b5d8fd2e72b02e5ad90976507745b217a67c4d9245bb,3640
galp.com,2026-08-31T00:55:50+00:00,scored,https://www.galp.com/robots.txt,200,994d1e8e1698f9dd02fe8bf3146fec8fab928ed285c6d1b8396dcaeb1084c6ca,4136
fitfiu.pt,2026-08-30T15:27:33+00:00,scored,https://fitfiu.pt/robots.txt,200,7a298c280e0a875cdbbe5170e349ee85e4486597c98198e66e1f234c695f9196,3604
freepeople.com,2026-08-31T00:55:42+00:00,aborted: homepage returned HTTP 403,,,,
decenio.com,2026-08-30T09:57:13+00:00,scored,https://www.decenio.com/robots.txt,200,2ea463dffa405bb27a0b43548914e3a5398ffc1fcb72f9305a3ad88369397127,310
articleusa.com,2026-08-31T00:46:25+00:00,scored,https://articleusa.com/robots.txt,200,e882e5b0781bef10af34ba8819d3f32c115f5fc6b7fcfe31ca18eb4d2448c641,520
canva.com,2026-08-30T16:16:36+00:00,aborted: homepage returned HTTP 403,,,,
spotify.com,2026-08-30T16:22:17+00:00,scored,https://open.spotify.com/robots.txt,200,f4d19243e326c223544e5691275ed35a1c72d67ef765988087b1063a33d7838b,1859
mediapost.com,2026-08-31T00:59:52+00:00,scored,https://www.mediapost.com/robots.txt,200,c28e5365790f6a76bc01096c92e48b37d81376c3480dd0e8f48b5243059bd88e,4083
lifecooler.com,2026-08-30T10:04:12+00:00,aborted: homepage unreachable: network: ConnectError,,,,
esquerda.net,2026-08-30T10:04:00+00:00,scored,https://www.esquerda.net/robots.txt,200,773fb8d35bb9a39d35335ee6db8dc5c912d2aacbfb823152d9c61cd647dd902d,2027
overstock.com,2026-08-30T16:21:08+00:00,aborted: homepage returned HTTP 403,,,,
zaask.pt,2026-08-30T10:03:46+00:00,scored,https://www.zaask.pt/robots.txt,200,9fee8ad639d7b76f4ab6cc8119828de87c583129c9cd0b92482e137d73917c74,417
nbcnews.com,2026-08-30T16:20:32+00:00,scored,https://www.nbcnews.com/robots.txt,200,70bf9770d32a48c5ff7cab70cbf257f8bc913b09e3a9f814afef31c516815e1c,13381
webflow.com,2026-08-30T16:23:14+00:00,scored,https://webflow.com/robots.txt,200,b04ed9b180086889a2046dc5e952815a6b642497a787f5b54c698cd2549e5d98,279
oldnavy.com,2026-08-30T16:20:56+00:00,scored,https://oldnavy.gap.com/robots.txt,200,d7f8935f7eed81c7ec942b69cb5e7bd0c071463a3365e5dbd05fcfe05937b967,883
comparajá.pt,2026-08-31T00:53:31+00:00,aborted: homepage returned HTTP 404,,,,
mozilla.org,2026-08-30T10:04:48+00:00,scored,https://www.mozilla.org/robots.txt,200,cf0fd2842659297b0d6fce407bed86bf424ae6666051b881dbd72e871d687fe3,66
talkdesk.com,2026-08-30T10:03:39+00:00,scored,https://www.talkdesk.com/robots.txt,200,b908b6ec1f7047de9668c2771ea4bfc72a69b95fa5223ca0a33daa32751b20e8,1163
mashable.com,2026-08-30T16:19:35+00:00,scored,https://mashable.com/robots.txt,200,66981fd7a70fe6146b45dea469a2cc097f10c5c862810f285030d7175f3f7e16,5314
convertkit.com,2026-08-31T00:54:41+00:00,scored,https://kit.com/robots.txt,200,cbcd9635cc1c24d2598a58caa22cc2e7514a3a8db378a9e13bd8e090ff7f3acd,2682
yeti.com,2026-08-30T16:23:38+00:00,scored,https://www.yeti.com/robots.txt,200,e31b33f9b7bb8958876a2d13b617fa88f9f8df32867967c8782023ab49aaea74,9278
siteground.com,2026-08-30T16:22:15+00:00,scored,https://eu.siteground.com/robots.txt,200,bd03bfdad0e259f933118716dbbcd3ef831c10b61be7d4029c29786b2e5fd28f,211
medinfar.pt,2026-08-31T00:59:49+00:00,scored,https://www.medinfar.pt/robots.txt,404,,
tenthousand.cc,2026-08-31T01:10:53+00:00,scored,https://www.tenthousand.cc/robots.txt,200,e3b0c44298fc1c149afbf4c8996fb92427ae41e4649b934ca495991b7852b855,0
escovariadebelomonte.com,2026-08-31T00:55:27+00:00,scored,https://en.escovariadebelomonte.com/robots.txt,200,79797b390e4de8590b9c0fca2f399a81cc60b2008c05d3cfc29e0ad0d394293e,501
farfetch.com,2026-08-30T10:03:00+00:00,aborted: homepage returned HTTP 403,,,,
bolsapt.com,2026-08-31T00:50:01+00:00,scored,http://www.bolsapt.com/robots.txt,200,0dd703b9a309e9b4bc2144b3f5c412ee32947f9f149048cbd9c57254fdc6ed49,565
digitalocean.com,2026-08-31T00:54:57+00:00,scored,https://www.digitalocean.com/robots.txt,200,fa88d03d74f7d9a29da6780431c0eda495aad6e9d16eb080d7b07d966aad28a8,172
imagensdemarca.sapo.pt,2026-08-31T00:57:54+00:00,scored,https://www.imagensdemarca.pt/robots.txt,200,3a125e84a637dc3f5442bb6949fa200056f37db4627b4c2a3addc55bbb89b703,23
salsajeans.com,2026-08-30T10:00:01+00:00,scored,https://www.salsajeans.com/robots.txt,200,280ed87ea146e424d61171232f46ac40b860e322554cd978804547b17d90608a,263
quince.com,2026-08-30T16:21:34+00:00,scored,https://www.quince.com/robots.txt,200,3ed1a7594df2ed239cd01929d33b82f5b0dd2bcac8e12504abc6a8a03ea7a189,2333
sendgrid.com,2026-08-30T16:22:03+00:00,scored,https://www.twilio.com/robots.txt,200,138fe6da0c1b4682286cb07cb380e7968a940e8cf5a4d6834923fbb81aa626f0,975
parachutehome.com,2026-08-31T01:03:59+00:00,scored,https://parachutehome.com/robots.txt,200,f8ea4f43417ec026449b12d94b0f27c88d566bff76e03091dc916d1a841ac50d,3628
zippy.pt,2026-08-30T10:00:49+00:00,scored,https://zippyonline.com/robots.txt,200,eefe3e5d358aafdc79cc571416dada7e372101f0489b485d22e08cd6c145fea5,5454
coviran.pt,2026-08-30T09:57:09+00:00,scored,https://www.coviran.pt/robots.txt,200,d665d6b4a9a5af57f02611423a59b898c1d67cba47845b40d8133a3efc54371c,103
rollbar.com,2026-08-31T01:08:12+00:00,scored,https://rollbar.com/robots.txt,200,c499594603f8837d537c34af15315d5516b9d6e8900373a256c523bcf550c989,185
amorim.com,2026-08-31T00:45:17+00:00,scored,https://www.amorim.com/robots.txt,404,,
lojaglamourosa.com,2026-08-31T00:59:25+00:00,scored,https://www.lojaglamourosa.com/robots.txt,200,f42c69e458538be31b2f2cec8768dff56bd62a9a6aef46b8ae66514a13ee9f9c,2167
perigold.com,2026-08-31T01:08:06+00:00,scored,https://www.perigold.com/robots.txt,200,fef885fbec3eb35216c0915575c11b8caf823973ba57f82db27444b59b5b181c,2300
noticiasmagazine.pt,2026-08-31T01:03:30+00:00,scored,https://www.jn.pt/robots.txt,200,168b5623759397820ac4d1036770cb0e6c18284cf02791e4967d603a79184a83,2974
mybabybox.pt,2026-08-30T15:29:29+00:00,scored,https://mybabybox.pt/robots.txt,200,98c60507fb5efee633775360e123481c55531aa0e81e7c1bfad9c89c5adffc36,3616
thrivemarket.com,2026-08-30T16:22:42+00:00,scored,https://thrivemarket.com/robots.txt,200,0fcc740de01e65fb42b01a74053e459c4145b109ff5bf156a8dd5044badd7ce4,630
jornaldeleiria.pt,2026-08-30T10:01:43+00:00,scored,https://jornaldeleiria.pt/robots.txt,200,3232201583bcb7079e3ba15fe748034512517f033fe2d541daa1242abffede4b,142
retaildive.com,2026-08-31T01:05:27+00:00,aborted: homepage returned HTTP 403,,,,
motor24.pt,2026-08-31T01:00:55+00:00,scored,https://www.motor24.pt/robots.txt,200,a9bf4067aa77dfb250d80f168b19d458d962664fdd92f626a9171872b82423f6,105
tomshardware.com,2026-08-31T01:11:22+00:00,scored,https://www.tomshardware.com/robots.txt,200,b2e3171c3a002124a05bf88d9d4e1b1781393c74ace62e0f47b978902e85aa0b,1834
americanbanker.com,2026-08-31T00:45:23+00:00,scored,https://www.americanbanker.com/robots.txt,200,33150b07800ba4f09e7a45fee8203ecff948ddf893e3f10b0eb0558f78882c5b,1040
outdoorvoices.com,2026-08-30T16:21:05+00:00,scored,https://www.outdoorvoices.com/robots.txt,200,e46ed7337031659147b35f65d3534c7493bc707c05a30c7e08268c6afcf4b22c,3644
newrelic.com,2026-08-30T16:20:39+00:00,scored,https://newrelic.com/robots.txt,200,f6ee1db86519f30130314f77a9cea7aa1005357824b8f20b1ae21952b69f12e4,2556
spacelift.io,2026-08-31T01:09:14+00:00,scored,https://spacelift.io/robots.txt,200,0db3e326ec20665c4106afc352ac18dfca263767766c2c3fadfdbef0decfad2a,117
notino.pt,2026-08-30T09:59:10+00:00,aborted: homepage returned HTTP 403,,,,
bluehost.com,2026-08-30T16:15:40+00:00,aborted: homepage returned HTTP 403,,,,
constantcontact.com,2026-08-31T00:53:37+00:00,aborted: homepage returned HTTP 403,,,,
cegid.com,2026-08-31T00:51:23+00:00,scored,https://www.cegid.com/robots.txt,200,9aa96a0a852ef8ac91ddbf9fd1a4cbe286d3105fb35c4c572c54260d747a0e02,1006
meo.pt,2026-08-30T09:59:02+00:00,scored,https://www.meo.pt/robots.txt,200,0d013b2ae8b5493fdde201289b8e69d9eaddae0435faec56cd548deec2b81e5d,228
nist.gov,2026-08-30T16:20:46+00:00,scored,https://www.nist.gov/robots.txt,200,0fed8806709b6ff2716921723b5077d1c19d152f760db983af60988cae0031dd,2425
abola.pt,2026-08-30T10:01:06+00:00,scored,https://www.abola.pt/robots.txt,200,bcee9105c7ac3a9634513a31427bc1bb8c429ae713c8ffe91ab90d0240999556,1458
stadiumgoods.com,2026-08-31T01:09:35+00:00,scored,https://www.stadiumgoods.com/robots.txt,200,5439b89714a1f1db5ca69b8bc929ede661e405daf52e8b3034b0df698f5db722,3648
washingtonpost.com,2026-08-30T16:24:33+00:00,aborted: homepage unreachable: timeout,,,,
delitodeopiniao.blogs.sapo.pt,2026-08-30T10:05:01+00:00,scored,https://delitodeopiniao.blogs.sapo.pt/robots.txt,200,c9a6474de0879c3c85b4537fc352752c1ea46015205ecfe18223ec18c1776a67,1306
tag-and-get.com,2026-08-30T15:32:54+00:00,scored,https://tag-and-get.com/robots.txt,200,6d537fdd2a7ec34e79fb2877e1f17e212c2ffcc617d3646bb13e2a3e289026a8,5683
sierra.com,2026-08-31T01:08:47+00:00,aborted: homepage returned HTTP 403,,,,
prozis.com,2026-08-30T15:48:28+00:00,aborted: homepage returned HTTP 429,,,,
hydroflask.com,2026-08-30T16:18:38+00:00,aborted: homepage returned HTTP 403,,,,
omsom.com,2026-08-30T16:20:57+00:00,scored,https://omsom.com/robots.txt,404,,
vallore.pt,2026-08-30T15:33:51+00:00,scored,https://vallore.pt/robots.txt,200,ad7fdba8c5c869921206dcd47a09358a33c95d12611935ffc8e3f8f94ed2b9f4,3608
androidauthority.com,2026-08-31T00:45:30+00:00,scored,https://www.androidauthority.com/robots.txt,200,e74404dcaf866ba96728e3b39f8bc7d6edc817815467a7a5b9af28538a1e4bbc,129
vultr.com,2026-08-31T01:11:46+00:00,aborted: homepage returned HTTP 403,,,,
hims.com,2026-08-30T16:18:30+00:00,aborted: homepage returned HTTP 403,,,,
matematicaonline.pt,2026-08-30T10:04:11+00:00,scored,https://matematicaonline.pt/robots.txt,404,,
knok.com,2026-08-31T00:58:38+00:00,scored,https://www.knok.com/robots.txt,200,0416811f48baffa89f05cd7fc28f66c352e79482af8ce5054bc684104e7b33fa,15332
italic.com,2026-08-30T16:18:56+00:00,scored,https://www.italic.com/robots.txt,200,08dbea7e54e20b12bddac1f7f07029885c2ddca96b402ce9e1be29cac336191a,6668
census.gov,2026-08-30T16:16:55+00:00,scored,https://www.census.gov/robots.txt,200,4840965279b9177174cf8152aba2d66eaa286ae0dc9b86bb3fd05e3f2789ae15,1162
matchesfashion.com,2026-08-31T00:59:48+00:00,scored,https://matchesfashion.com/robots.txt,200,9385ba4dfd185611145ed4057e837052904ba2d9f2a3bfbe219cdbd2864698ff,3640
bloomingdales.com,2026-08-31T00:50:00+00:00,aborted: homepage returned HTTP 403,,,,
tillys.com,2026-08-31T01:11:09+00:00,aborted: homepage returned HTTP 403,,,,
stripe.com,2026-08-30T10:05:28+00:00,scored,https://stripe.com/robots.txt,200,23166bdd2477d69a2fbd405ae5901154a36f5de79876de4616494458fb340002,643
net-empregos.com,2026-08-31T01:02:22+00:00,scored,https://www.net-empregos.com/robots.txt,200,4e59a697c6181489fdb9dd4c1aa88d32c1d5f36e5bbc2ed96bc432fbaaa191ef,808
meiotesocks.com,2026-08-30T15:29:14+00:00,scored,https://meiotesocks.com/robots.txt,200,c35a766fc1d5b5f0beceb28b3001a83bbe101913332ff497c97475eb93e14572,3628
gitlab.com,2026-08-30T16:18:03+00:00,scored,https://about.gitlab.com/robots.txt,200,37cedb1b6ae8efa025fad3a2937133eadddca2047224a927d89363009a00cf79,369
evasoes.pt,2026-08-30T10:04:24+00:00,scored,https://www.jn.pt/robots.txt,200,168b5623759397820ac4d1036770cb0e6c18284cf02791e4967d603a79184a83,2974
cmtv.pt,2026-08-31T00:52:31+00:00,aborted: homepage unreachable: network: ConnectError,,,,
w3.org,2026-08-30T16:22:58+00:00,scored,https://www.w3.org/robots.txt,200,f3947d244239d90298c7c3323a6d83042bb4f38c821f1bdefa449e7dfd9e2976,3812
adweek.com,2026-08-31T00:44:56+00:00,scored,https://www.adweek.com/robots.txt,200,a4efd39cc93cb5802256c3afe6759c3df41a6b0eaac1d9db5f9810402858ea97,12427
apple.com,2026-08-30T10:04:36+00:00,scored,https://www.apple.com/robots.txt,200,3115f45c98cfa19341978dcab5dfbc0fd3e0ff4eb3ab1fe8192c3fbf7227dee7,1018
lyft.com,2026-08-30T16:19:12+00:00,scored,https://www.lyft.com/robots.txt,200,1a5884d20a0737c5e878081592bddd8f1e086e5f0cc6ee9726986e88048110be,1046
remax.pt,2026-08-31T01:05:15+00:00,scored,https://remax.pt/robots.txt,200,79eba68ba55702d4d6033205e9650629536b21e29e036121e0c1e9b343d9cd01,1137
bluebottlecoffee.com,2026-08-30T16:15:40+00:00,scored,https://bluebottlecoffee.com/robots.txt,200,8fa3036c68bfcbd32365f6225d24333264093b7cd38d306e106b4dbdc934fd5b,1248
confianca.pt,2026-08-31T00:53:36+00:00,scored,https://www.confianca.pt/robots.txt,200,dd2cf4a0b1056271f941ee47106e146b2000f06ac628bf347854e9db8504926f,106
contentful.com,2026-08-31T00:54:38+00:00,aborted: homepage returned HTTP 429,,,,
viarco.pt,2026-08-31T01:11:37+00:00,scored,https://www.viarco.pt/robots.txt,200,fd89345af6aca5dab85f2aa6a830e270a362b1fa6b5f19607ddd773a081ed651,14
4gnews.pt,2026-08-30T10:01:10+00:00,scored,https://4gnews.pt/robots.txt,200,606d12be17497811b399bf86b6119d27368267e06497e46d563c371d423305ef,186
hashicorp.com,2026-08-31T00:58:18+00:00,aborted: homepage returned HTTP 429,,,,
froiz.pt,2026-08-30T09:57:39+00:00,scored,https://www.froiz.pt/robots.txt,200,bbcac8b8ec4fb8665a41eacca07f02f2d6dff3ed0fc3eb99a13982a904c5c383,116
kitch.io,2026-08-30T10:03:20+00:00,scored,https://1-win.in.net/robots.txt,200,1b2649bb9ebd6f08cc72b9060c75cafb43a453e1101050af26438dbbc7a5a1ee,949
microsoft.com,2026-08-30T10:04:54+00:00,scored,https://www.microsoft.com/robots.txt,200,8d6eb902f7fb573f0430107afaae01cbe9a0a38923116065b322b6c8133b878b,8557
avocadogreenmattress.com,2026-08-31T00:46:35+00:00,scored,https://www.avocadogreenmattress.com/robots.txt,200,d07cd63fc4435b30e132cf68874738322a0a640038525c0db1401af927083398,3680
outsystems.com,2026-08-30T10:03:42+00:00,scored,https://www.outsystems.com/robots.txt,200,9b1383220cb38bfeeb70550a31d360476f34fe33540e7460605bbb4951e06206,3026
cnnportugal.iol.pt,2026-08-30T10:01:10+00:00,scored,https://cnnportugal.iol.pt/robots.txt,200,071817e55b351748624df02802a7b86683fe59a96fb1297e4e9555450d0e1e95,1116
pumpkin.pt,2026-08-30T10:06:51+00:00,scored,https://pumpkin.pt/robots.txt,200,f465d2fe5f6e81a021c6e391ec90ec9722df071411ed8232eaa001b8965139c9,168
irs.gov,2026-08-30T16:20:18+00:00,aborted: homepage unreachable: network: ConnectError,,,,
stara.pt,2026-08-30T15:43:23+00:00,scored,https://stara.pt/robots.txt,200,65e8223c6157790efa9c771991fbde3149772009fce3591e8bf173ce8900e882,3600
thredup.com,2026-08-31T01:11:16+00:00,scored,https://www.thredup.com/robots.txt,200,451c69ba4ea307502c9bdab3d2e712058d4b2e2fae8809c9f99de45f16c3373f,4713
datadoghq.com,2026-08-30T16:17:11+00:00,scored,https://www.datadoghq.com/robots.txt,200,31eeea994b43f6d7f90690150759601a19c7a76f19827a51b18c89c6cbb1076b,525
icebreaker.com,2026-08-31T00:57:53+00:00,scored,https://na.icebreaker.com/robots.txt,200,d35ce5d28948dcff83d4e8e4ab30dd3375e05d6c2afed43e7e12c1663475f380,5737
everlane.com,2026-08-30T16:17:39+00:00,scored,https://www.everlane.com/robots.txt,200,3e7017d9ce232ff4ae0a6eae94e7c6c33130703eaae21b0bb7557afc7257954c,3632
underarmour.com,2026-08-30T16:22:55+00:00,scored,https://www.underarmour.com/robots.txt,200,153b2a44c3efd555084f028dcc1e41fb1666af2ab377fe2c772953ff2ab10a89,1373
delta-cafes.pt,2026-08-30T09:57:10+00:00,scored,https://deltacafes.com/robots.txt,200,ab8c3b7bc423bf197bbf2502679ba01751c057ae9c93235c73bba90f33bf171f,121
transdev.pt,2026-08-31T01:11:29+00:00,scored,https://www.transdev.pt/robots.txt,200,278e83bcf567badfebcdea4d5d20ca9898e4449fe4eb2e3b5a08227b4ca9b762,2189
dott.pt,2026-08-30T09:56:58+00:00,aborted: homepage returned HTTP 403,,,,
alentejanas.pt,2026-08-31T00:45:01+00:00,scored,http://alentejanas.pt/robots.txt,404,,
scaleway.com,2026-08-31T01:08:24+00:00,scored,https://www.scaleway.com/robots.txt,200,147da111b0c1033b6f62d321706dd55dfc9a5a7c87c0266046a07dbe174ba123,517
mota-engil.pt,2026-08-31T01:01:46+00:00,aborted: homepage unreachable: timeout,,,,
publico.pt,2026-08-31T00:44:06+00:00,aborted: homepage returned HTTP 403,,,,
holon.pt,2026-08-30T09:57:40+00:00,aborted: homepage unreachable: network: ConnectError,,,,
century21.pt,2026-08-31T00:51:50+00:00,scored,https://century21.pt/robots.txt,200,dc9984b64eb6c11b0faa66c38997b9faef9701836d1da4f822d0897155f2e602,372
engenhariacivil.com,2026-08-30T10:04:01+00:00,scored,https://www.engenhariacivil.com/robots.txt,200,7be99a25791b25fad9d315f9de5b4020dc745201d1294bcd2f033a9087ad288d,76
netlify.com,2026-08-30T10:04:52+00:00,scored,https://www.netlify.com/robots.txt,200,61ca3bca2fd57ba4e254566aeffcf398c72abafc0f276963b5754f95cc9cc43e,764
laskasas.com,2026-08-30T09:58:28+00:00,scored,https://www.laskasas.com/robots.txt,200,2ca77ff578403b8bd8b4c6f5d7a15e4ede8b0b77e0cc10410aa4eb8cc975dc3c,226
dstgroup.com,2026-08-31T00:55:07+00:00,scored,https://www.englobecorp.com/robots.txt,200,aa223c4635212b60ddf7f7df5f5380128e6ecd1f83b7d05c0e8dfc4f393da9c2,104
bizay.com,2026-08-30T10:03:04+00:00,scored,https://www.360imprimir.pt/robots.txt,200,bbe15863e13754ece88556390d89922ea986e7d59c5cacf67761c831e3b0e584,1663
uber.com,2026-08-30T16:22:47+00:00,aborted: homepage returned HTTP 406,,,,
staples.pt,2026-08-30T10:01:18+00:00,scored,https://www.staples.pt/robots.txt,200,5f25d9336d3afcb6ea8d047e36a843e6f98eaea41247362544511ea7d899c55e,2084
vinha.pt,2026-08-30T10:00:44+00:00,scored,https://www.vinha.pt/robots.txt,200,2b04928679fdad9e37152fc7ec779928aa9148ff8487dc5619006bfb5de70017,197
barkyn.com,2026-08-30T10:02:50+00:00,scored,https://barkyn.com/robots.txt,200,0a4935501662e9a5bda2e2274b0d968347d6899f18531305a3bd289646e219f0,3608
ghost.org,2026-08-31T00:55:57+00:00,scored,https://ghost.org/robots.txt,200,ab43ea4298584ec98b1002c3a175b149ee6a0f02801edd123c6c058d7ceca0df,224
dillards.com,2026-08-31T00:55:01+00:00,scored,https://www.dillards.com/robots.txt,200,f4fb17446239b2f46392c4396c6133478b0a64ac3c44fa4ed056d00eec4ea6b5,493
acorianooriental.pt,2026-08-30T10:01:21+00:00,scored,https://www.acorianooriental.pt/robots.txt,200,8a5e4d8a04b0958b2ecf068624a8fc866414896d75f6c6a1e92d4ca01a4d84c4,488
knix.com,2026-08-31T00:58:42+00:00,scored,https://knix.com/robots.txt,200,dc7b09bca807901d5860fc0b67d9f07c897e07c4a1421ffea92f5f64aef34474,3720
leyaonline.com,2026-08-30T09:58:32+00:00,scored,https://leyaonline.com/robots.txt,200,f0a5b2e3f3c608849e2e35565c707a4fac55b801708b4f3072f6fbef4f4bc005,290
ruggable.com,2026-08-30T16:21:52+00:00,scored,https://ruggable.com/robots.txt,200,744cb999842e52126ffb00ae19afa04893eb81671e8a304ca75e5589756d3de1,3206
douglas.pt,2026-08-31T00:55:03+00:00,aborted: homepage returned HTTP 403,,,,
executivedigest.sapo.pt,2026-08-30T10:01:52+00:00,scored,https://executivedigest.sapo.pt/robots.txt,200,52e86708c726aaa65ca9116d063f7dee4d9e718452550fa59103ed7dae75de44,206
babynest.pt,2026-08-30T15:15:32+00:00,scored,https://www.babynest.pt/robots.txt,200,dce7d8eb23a59916d8c9d8028f6ef4cc53f72a3514cbadb025058dc245be9340,5681
tiffosi.com,2026-08-30T10:00:20+00:00,scored,https://www.tiffosi.com/robots.txt,200,45a2e966d2c415ca23070eb90aa08b7c082dece35c4f8a26cead64aafcb161ec,401
zappos.com,2026-08-30T16:23:48+00:00,scored,https://www.zappos.com/robots.txt,200,07e08a1e8691b1004f0971f81761a2cae42b742000b79f44affceea5530ac16b,1230
urbanoutfitters.com,2026-08-31T01:11:33+00:00,aborted: homepage returned HTTP 403,,,,
chewy.com,2026-08-30T16:16:50+00:00,scored,https://www.chewy.com/robots.txt,200,222b0261ee4d989851592e7ede082076354b032c04bce9998052ba7cce54632f,2513
airtable.com,2026-08-30T16:15:04+00:00,scored,https://www.airtable.com/robots.txt,200,21c6a0296f146ee6ef7159ead101cca7855d1e2e24d3a19a412fa87dc62c88a9,137
klaviyo.com,2026-08-30T16:18:59+00:00,scored,https://www.klaviyo.com/robots.txt,200,76016404bc4d6253b273d66f681383765e88ae1207e54621e1e546dc27af4669,3530
jn.pt,2026-08-30T10:02:05+00:00,scored,https://www.jn.pt/robots.txt,200,168b5623759397820ac4d1036770cb0e6c18284cf02791e4967d603a79184a83,2974
investidor.pt,2026-08-31T00:58:20+00:00,aborted: homepage returned HTTP 500,,,,
loggly.com,2026-08-31T00:59:48+00:00,aborted: homepage returned HTTP 403,,,,
anandtech.com,2026-08-31T00:45:24+00:00,scored,https://forums.anandtech.com/robots.txt,200,680aef3e34faeb4b21ea974869b817dc55bd67ef1b11e06bed90e0fe9720c892,477
drift.com,2026-08-31T00:55:11+00:00,scored,https://www.salesloft.com/robots.txt,200,e2e0e20807c5cf11daa6045ff2e908c9dc58992065d320dec3fa4c09888f02b7,86
jscrambler.com,2026-08-30T10:03:31+00:00,scored,https://jscrambler.com/robots.txt,200,2948296c37644298c8b51e3a96b212fa7d963c567a877e6e488ffbb6f127c8b8,188
joaoferreira.pt,2026-08-30T10:04:05+00:00,scored,https://joaoferreira.pt/robots.txt,200,cba26a619d37f7230f322d1678d077580bdf74dd3be47a8318139ff94dc1435e,62
rhone.com,2026-08-31T01:06:02+00:00,scored,https://www.rhone.com/robots.txt,200,0ab55d9927ee7f83045efeda171b2881ee5ef1b14b81066571cf69fb4f052a83,116
hovione.com,2026-08-31T00:58:15+00:00,scored,https://www.hovione.com/robots.txt,200,520ed6c2a0a7f8a1c3c1f3dd50bf0fe5461582dd21bace7598f1fbf1b78d57e5,1634
dudeperfect.com,2026-08-30T16:17:21+00:00,scored,https://dudeperfect.com/robots.txt,200,e3b0c44298fc1c149afbf4c8996fb92427ae41e4649b934ca495991b7852b855,0
barbot.pt,2026-08-31T00:46:45+00:00,scored,https://barbot.pt/robots.txt,200,093e2f8d6f403e716a9e306d63a90ac597fd5003e9e6e92d67349860554d6924,309
planetscale.com,2026-08-30T16:21:25+00:00,scored,https://planetscale.com/robots.txt,200,a11216415134902cc8fc9296a476c62ad02c4bdf58987a8ea1506626cee19cab,124
funchalnoticias.net,2026-08-31T00:55:45+00:00,scored,https://funchalnoticias.net/robots.txt,200,62889ccc907b5699a3c292b79ed55c0cf3b8997ad6da6909c51b0e330b9264b0,269
prismic.io,2026-08-31T01:04:45+00:00,scored,https://prismic.io/robots.txt,200,3c7822b56d2c46b02760f64dd122740ec9d4560f6c0fa2f90878b5181d86c6c6,309
economist.com,2026-08-30T10:04:36+00:00,aborted: homepage returned HTTP 403,,,,
tek.sapo.pt,2026-08-30T10:02:35+00:00,scored,https://tek.sapo.pt/robots.txt,200,ee82e08b93c4bb49133da3e12c170875f67ff0c291e3e2b01d78d062d499ac52,292
secil.pt,2026-08-31T01:08:29+00:00,scored,https://www.secil.pt/robots.txt,200,be49ffe1259f9f4c17674a2ebc19e83d56a162c26c64735b8ccf1a8838dd0ceb,159534
itchannel.pt,2026-08-31T00:58:22+00:00,scored,https://www.itchannel.pt/robots.txt,200,d2eb49cfaadd3d4419d61118784b2c3756e2e275dfd2d353bb8b512491af68bb,86
depop.com,2026-08-31T00:54:43+00:00,aborted: homepage returned HTTP 403,,,,
valeriusvii.com,2026-08-30T15:44:35+00:00,scored,https://valeriusvii.com/robots.txt,200,d0cbb395c250d21b704ad67b735ecff958c50147d54081ae4274f990c3ce892e,3630
stockx.com,2026-08-31T01:09:41+00:00,aborted: homepage returned HTTP 403,,,,
bostonglobe.com,2026-08-30T16:16:23+00:00,scored,https://www.bostonglobe.com/robots.txt,200,fb14f7cee0bc63211f8e7a55480d7d60e1baa33d69a118d8c5fdb04daa39a672,1373
ruicorreia.pt,2026-08-30T10:04:21+00:00,scored,https://www.ruicorreia.pt/robots.txt,200,bb543bbbb42a791f2502f2fc6cc14b66742df1fb10ccb02c55051b7cd8f1ad81,491
springfield.com,2026-08-30T10:04:30+00:00,aborted: homepage unreachable: timeout,,,,
storyblok.com,2026-08-31T01:09:50+00:00,scored,https://www.storyblok.com/robots.txt,200,d271456e6c8bbff50fbf059e7d5448271a7eb13fae422f6b17107fe1b6365ecc,78
wook.pt,2026-08-30T10:00:22+00:00,aborted: homepage returned HTTP 403,,,,
landsend.com,2026-08-31T00:59:15+00:00,scored,https://www.landsend.com/robots.txt,200,4d6e10c219e1e8cb496a14d67308f946adb5874fe4001c8ae7f8cbb190f252e8,1811
harness.io,2026-08-31T00:57:30+00:00,scored,https://www.harness.io/robots.txt,200,ed6de5a887c1fafa708e97284b6f354e8db7e9b5220fdb383a1e904c55433f26,1887
supercasa.pt,2026-08-31T01:10:45+00:00,aborted: homepage returned HTTP 403,,,,
rows.com,2026-08-30T10:03:32+00:00,scored,https://rows.com/robots.txt,200,424fb23d2bff06d0428dc38f16cb8cd6988e7f8d271e635f6d9395bb057c5cf4,126
cruwines.pt,2026-08-30T15:27:13+00:00,scored,https://www.cruwines.pt/robots.txt,200,4b1c31228774b735088bfe8d07af97160ec56f659558e29d12ea61f85095b1a2,4794
materialkitchen.com,2026-08-31T00:59:52+00:00,scored,https://materialkitchen.com/robots.txt,200,726ac26fbb9c91ed35a68862f84986527357dcd3d7307a7fe149f24a1e10d893,3638
sumologic.com,2026-08-31T01:10:49+00:00,scored,https://www.sumologic.com/robots.txt,200,e93c40a74f29f4e46263df26da13e3c77816213a89aa35d449b0aa6d23fca3c1,588
comparaja.pt,2026-08-31T00:52:57+00:00,scored,https://www.comparaja.pt/robots.txt,200,b9810b89e209d7ae264659215604f94071232de5651eca6a21295e773c95b7e6,1659
constructiondive.com,2026-08-31T00:53:36+00:00,aborted: homepage returned HTTP 403,,,,
antena1.rtp.pt,2026-08-31T00:45:51+00:00,scored,https://antena1.rtp.pt/robots.txt,200,b2f9076ffd3336da7c866b0e419c71756a9ef962530c47b175710ca6aeebab13,172
xda-developers.com,2026-08-31T01:12:02+00:00,scored,https://www.xda-developers.com/robots.txt,200,65919dd063e9cd3cd083f71c30182aff82296331d3bb4142a535c1be65572323,2006
correiodominho.pt,2026-08-30T10:01:12+00:00,scored,https://correiodominho.pt/robots.txt,200,98cc6c685f1f4662893525bbdb30499c30c5fb0d935e648be52817d83a584bba,33
creat4you.com,2026-08-30T15:27:08+00:00,scored,https://creat4you.com/robots.txt,200,410ef3166830686c1c2363ce7b435a3132c32c0fa819f576491568815029f139,7673
logoplaste.com,2026-08-31T00:59:22+00:00,aborted: homepage unreachable: network: ConnectError,,,,
arstechnica.com,2026-08-30T10:04:51+00:00,scored,https://arstechnica.com/robots.txt,200,0abd612f8a892958ba16c55737464c09dc2d9490edcf9789496518e2f4651621,1912
github.com,2026-08-30T10:04:41+00:00,scored,https://github.com/robots.txt,200,05a5baaac2db2fe11b62ae620d6e0f864ee187fb9d676a7bf55204178700296b,2274
jornaldenegocios.pt,2026-08-30T10:02:40+00:00,scored,https://www.jornaldenegocios.pt/robots.txt,200,64e46a32325f274ce232ecb03d70eab2c7bfbc2024b7228df1d920e7ad4aeb79,578
naz.pt,2026-08-31T01:01:42+00:00,scored,https://naz.pt/robots.txt,200,52f5dc50ed06848b36fa2c2ab5a447d017106b4667deb83d6c401865379559c8,3592
interiordefine.com,2026-08-31T00:58:20+00:00,scored,https://www.interiordefine.com/robots.txt,200,94c2f56140275bbf4835a7d3958860b02739eb62c7d65aaefeda79c4bb8dddd5,1445
defined.ai,2026-08-30T10:03:08+00:00,scored,https://defined.ai/robots.txt,200,0f591cd58bb90ba496e39c2f64245eb408d6b92c940cb61e13a5190e0869cfce,87
gutenberg.org,2026-08-30T16:18:15+00:00,scored,https://gutenberg.org/robots.txt,200,1f9a3a7eb83eff1ebbd9b11c01a440ec80e91c484fc9d1a63d8f5d00087f4973,40
zwilling.com,2026-08-31T01:13:17+00:00,scored,https://www.zwilling.com/robots.txt,200,03de168a9009b9f43e933ec179516fef9689cb3ec7ba8dca2223481471328514,1581
arcadia.pt,2026-08-31T00:45:51+00:00,scored,https://arcadiachocolates.com/robots.txt,200,2f68ace250893444710f77c9a16307b249154445d918071e72a99b3f69b97cfa,3652
salvadorcaetano.pt,2026-08-31T01:08:29+00:00,scored,https://salvadorcaetano.pt/robots.txt,200,a298df8db5d149f662df0bb4b3d7ea5bca0cc029e169e40218fa0595218914b9,120
berkeley.edu,2026-08-30T16:15:32+00:00,scored,https://www.berkeley.edu/robots.txt,200,43a81a7e209a162a8532b6ab0e3d887b108fe914c366e2396673cfd21b715bd1,190
hollisterco.com,2026-08-31T00:57:46+00:00,scored,https://www.hollisterco.com/robots.txt,200,38ac433478416df46f309cd0836c914d453cf3afa259ca1946b0efd6844f3eac,3984
bonobos.com,2026-08-30T16:16:12+00:00,aborted: homepage returned HTTP 404,,,,
symington.com,2026-08-31T01:10:44+00:00,scored,https://www.symington.com/robots.txt,200,8fa3036c68bfcbd32365f6225d24333264093b7cd38d306e106b4dbdc934fd5b,1248
react.dev,2026-08-30T10:04:55+00:00,scored,https://react.dev/robots.txt,200,e5c4b84484ee4216e9373be99380320c25dd94805f99f0a805846f087636553f,24
sumolcompal.pt,2026-08-31T01:10:43+00:00,scored,https://sumolcompal.pt/robots.txt,200,773fb8d35bb9a39d35335ee6db8dc5c912d2aacbfb823152d9c61cd647dd902d,2027
compasso.pt,2026-08-31T00:53:29+00:00,scored,https://www.compasso.pt/robots.txt,200,b4714a2940846855ef9c5f3e5da016af2467aabe1811c2c9099e1b8cd18afc3b,65
farmaciasaude.pt,2026-08-31T00:55:35+00:00,scored,https://farmaciasaude.pt/robots.txt,200,52aac3de8fb99bf8d6e2a7b8e93854946cd178637dbdf791277ea35ea291305d,117
autozitania.pt,2026-08-31T00:46:28+00:00,scored,https://www.autozitania.pt/robots.txt,200,e3b0c44298fc1c149afbf4c8996fb92427ae41e4649b934ca495991b7852b855,0
theverge.com,2026-08-30T10:05:16+00:00,scored,https://www.theverge.com/robots.txt,200,78058c98bc9a11d587e89c475796f875f7618245333a8fd1c5186cd34c7e2a11,5658
petapilot.com,2026-08-31T01:04:08+00:00,scored,https://sovos.com/robots.txt,200,943d51a452d6d43c4cf1a2fe2a3d8a9850bc6d6e88e56cc145a4df1bd91c8abd,860
directus.io,2026-08-31T00:55:00+00:00,scored,https://directus.com/robots.txt,200,6eb2e85a5fe77e732a70efe19c3b6dba10e5a60a21550c185949e37669c87ed5,65
benzinga.com,2026-08-31T00:47:48+00:00,scored,https://www.benzinga.com/robots.txt,200,c772b750e7d1d2943779e6684942c250d14487f0a70e1b8104181598360aba59,1838
fabamaq.com,2026-08-30T10:03:10+00:00,scored,https://fabamaq.com/robots.txt,200,1352e11aa7891194292389bdab030cd03e96943da047ea252bdc683210713831,368
kwan.pt,2026-08-31T00:58:40+00:00,scored,https://www.kwan.com/robots.txt,200,5da7ad4f8d26e908ba1d9c4e1bda6eeda357dc52c18aaae0c0b4d1de8dbd514b,226
setentaequatro.pt,2026-08-31T01:08:41+00:00,scored,https://www.setentaequatro.pt/robots.txt,200,1d6f5b0369f7eef1f3c3e09016af1f295dd7b02565599ca6475bd148ea40f2c1,266
abreu.pt,2026-08-30T09:56:45+00:00,scored,https://www.abreu.pt/robots.txt,200,f64784a3fdeb4bf162a38afbf120d75c6603632e862d922988b9ff54f2260288,68636
codacy.com,2026-08-30T10:02:53+00:00,scored,https://www.codacy.com/robots.txt,200,5e9bb2be05f6f76348c338149adb544119e127157ebc2c25d7380bfb2f0937ed,43
shopify.com,2026-08-30T10:05:10+00:00,scored,https://www.shopify.com/robots.txt,200,113fa430037e290ccea26f753a2f2ec40e92d2e8b17043843cb8819e30585edd,3605
madewell.com,2026-08-30T16:19:20+00:00,scored,https://www.madewell.com/robots.txt,200,04d51955f9ba2cdfa6d0fddeb2278fc2be31b2a3cc90491721c32d1b52ff6c6b,2763
azure.microsoft.com,2026-08-30T16:15:30+00:00,scored,https://azure.microsoft.com/robots.txt,200,a47c168a428547e69187d135280e10cac264dc445781fc2e9508193e4536febc,2596
linear.app,2026-08-30T10:04:48+00:00,scored,https://linear.app/robots.txt,200,c5ff067087fda9581c88f7c9729b05eb8cc2502c41cdfe5ebbf498c667d38857,107
diariodeaveiro.pt,2026-08-30T10:01:44+00:00,scored,https://www.diarioaveiro.pt/robots.txt,200,11ec8e70e07fb321f7f29258cc4c1c82732a3d4b4097a0d4cef01e54044ca2b9,433
tuftandneedle.com,2026-08-31T01:11:31+00:00,scored,https://www.tuftandneedle.com/robots.txt,200,a0853ea487bd3a9b3c73be4f89b5b6b89d1593f659783355be0127b449b01678,3652
eco.sapo.pt,2026-08-30T10:01:44+00:00,scored,https://eco.sapo.pt/robots.txt,200,ad5a743e8d8eef6cd2685b5e98e097a316b9efa3ced3dab9ddcea8a7243055fc,321
vinted.pt,2026-08-30T10:01:04+00:00,scored,https://www.vinted.pt/robots.txt,200,5dfdf38792bd153514c656cf48117cc2519438687bb014f54ea59685e27f05ed,3281
globaldata.pt,2026-08-30T09:58:06+00:00,scored,https://www.globaldata.pt/robots.txt,200,853ba09257f5680a69fb65a70cbbb66b54c96a230cea14d438a67cd1129cdde6,1241
theguardian.com,2026-08-30T10:05:14+00:00,scored,https://www.theguardian.com/robots.txt,200,3387cd8d393a0c257e687ce63fcf30558ada1eb1fc167bfc51cb216e29005db2,2873
aweber.com,2026-08-31T00:46:36+00:00,scored,https://www.aweber.com/robots.txt,200,33aa12b0aca401343fb97056d2a4d571639516e43e8313ab7aa8c6670ca12851,198
portoeditora.pt,2026-08-30T09:59:38+00:00,scored,https://www.portoeditora.pt/robots.txt,200,82fbffad58edbaaf42c9d1b8611f785ba408c8ca08ceea267720ec15ee3bd44f,72
substack.com,2026-08-30T10:05:27+00:00,scored,https://substack.com/robots.txt,200,e468186aecca926921a597e3b593f101d82741e04874f7f723007d47adb3b1e8,585
sandeman.com,2026-08-30T09:59:53+00:00,scored,https://www.sandeman.com/robots.txt,200,181eaaa4c98b749a3a7067e241ff0fb0ec08ff38bff170d777d34a283bd2096e,73
era.pt,2026-08-31T00:55:26+00:00,scored,https://www.era.pt/robots.txt,200,c5f686a7aa07bb24760144e3da31e437a97e5866d73cc155860f6b1983d59022,864
madeincookware.com,2026-08-31T00:59:43+00:00,scored,https://madeincookware.com/robots.txt,200,f64530aa51d8aad6de11076a74e64779f93f9cf0c938807800c3353d30f75bbe,329
medium.com,2026-08-30T10:04:42+00:00,aborted: homepage returned HTTP 403,,,,
buondi.pt,2026-08-31T00:50:12+00:00,aborted: homepage returned HTTP 403,,,,
lifestyle.sapo.pt,2026-08-30T10:01:50+00:00,scored,https://sapo.pt/robots.txt,200,2efae8da84c999734a63b79149ee3af068fd8a9bb415ae202231011c81e714d3,2118
bbc.co.uk,2026-08-31T00:47:34+00:00,scored,https://www.bbc.co.uk/robots.txt,200,0d588e695ee40aa6310e79289f06d56d8003e2b448144b300e9682b26110ccff,4907
aws.amazon.com,2026-08-30T16:15:21+00:00,scored,https://aws.amazon.com/robots.txt,200,c1f42540a70f0dcd98d98565c46f486ed49a464f077ef1f1362c5470b638ae98,13822
mailgun.com,2026-08-31T00:59:41+00:00,scored,https://www.mailgun.com/robots.txt,200,814ddbaccb9e761185421089d8585f36722d49973a0717252c37f32091461e1c,189
turijobs.pt,2026-08-31T01:11:30+00:00,scored,https://www.turijobs.com/robots.txt,200,59446cf23f4299511bb9985d592a850a0563f5e5d54c66430cbddb95f1de2578,2556
carisma-store.com,2026-08-30T15:15:31+00:00,scored,https://www.carisma-store.com/robots.txt,200,fb76cbc4d2b03fae84a23a6e35aea04b996293b86563b5e5e19f5273439f5d8f,7224
phonehouse.pt,2026-08-30T09:59:24+00:00,scored,https://phonehouse.pt/robots.txt,200,604d73540f24e055d690211709bb78a5f06440423b38ae1efe9b747025a17b9f,116
marshmallow-concept.com,2026-08-30T15:29:10+00:00,scored,https://marshmallow-concept.com/robots.txt,200,ef965c6f688a37969e0791884e702de329d0a4187bfec2d81b39824fcd015ced,3660
sapoemprego.pt,2026-08-31T01:09:52+00:00,aborted: homepage unreachable: timeout,,,,
engadget.com,2026-08-30T16:17:32+00:00,scored,https://www.engadget.com/robots.txt,200,af2a32ac7658d5ab0d2aaa1e6e34409e27c30fa6c696cb1f1890d087ac443c26,207
magicspoon.com,2026-08-30T16:19:16+00:00,scored,https://magicspoon.com/robots.txt,200,c31ee1811a3ea4ded85dea48ec9519e957b507fccfcb68a389541ffd74477385,3622
thatalabel.com,2026-08-30T15:32:57+00:00,scored,https://thatalabel.com/robots.txt,200,44ed6d923889693b1576b5fe7809fa6fb5966b4992fac1ef78d7a4fb7a9d62d9,3624
bbc.com,2026-08-30T10:04:44+00:00,scored,https://www.bbc.com/robots.txt,200,34a6212c178b5845816e4e5b00245d758290ee8109b4507fda890b393ce0b52e,6130
marketeer.sapo.pt,2026-08-31T00:59:44+00:00,scored,https://marketeer.sapo.pt/robots.txt,200,52a99da8abca71691f521210400d14299330a86cae5ede8c92af8fed4780a1c3,200
fcporto.pt,2026-08-30T09:57:16+00:00,scored,https://www.fcporto.pt/robots.txt,200,d8697b9b39e53c3db1483d19f072d2e55adbc96fcecc4367270d3f9d0b0173df,181232
academy.com,2026-08-31T00:44:48+00:00,scored,https://www.academy.com/robots.txt,200,15d1db581a2d22f5371085b736b84fbf9f0452682fcca1f0628ee0d8312f8e9d,3250
economiafinancas.com,2026-08-30T10:03:51+00:00,scored,https://economiafinancas.com/robots.txt,200,8181439201f26704ba49c1c91c8614f40eafc06cb862e1eddbcae2c4afe65573,2014
ramada.pt,2026-08-31T01:04:56+00:00,scored,https://www.ramada.pt/robots.txt,200,eccb745e0af9dcf2160965d959d9076572510f9e72c865864b9fb537983e4c3c,73818
banana-republic.com,2026-08-31T00:46:41+00:00,scored,https://bananarepublic.gap.com/robots.txt,200,0d53fbce9a9b967be10ae9f8d3471b4c2022973c911466e861f82cde02944a38,904
ssense.com,2026-08-31T01:09:33+00:00,scored,https://www.ssense.com/robots.txt,200,5a5858dbba6f87a91d9545885dc1c5270c32c0998f7ca0ca0f6be3e375fd694f,19071
theinformation.com,2026-08-30T16:22:35+00:00,aborted: homepage returned HTTP 403,,,,
vidadecao.pt,2026-08-30T10:04:25+00:00,scored,https://vidadecao.pt/robots.txt,200,572b4e8ba46fa3c1b16fb4926e598cfa3f19484888f09a67e97af2b4b574c861,1046
mo-online.com,2026-08-30T09:59:06+00:00,scored,https://mo-online.com/robots.txt,200,4b845b8b0a818e4fd4c89616c28ad11ea0329b1d6e2d38c5769677cd40281fb3,547
mifarma.pt,2026-08-31T00:59:56+00:00,scored,http://mifarma.pt/robots.txt,200,e3b0c44298fc1c149afbf4c8996fb92427ae41e4649b934ca495991b7852b855,0
ourplace.com,2026-08-31T01:03:45+00:00,scored,https://ourplace.com/robots.txt,200,ec0067fb0925e79d7a0158e78266ecc507f27b30733f13fad8df5958bfad6110,596
dn.pt,2026-08-30T10:01:38+00:00,scored,https://www.dn.pt/robots.txt,200,a9bf4067aa77dfb250d80f168b19d458d962664fdd92f626a9171872b82423f6,105
render.com,2026-08-30T16:21:44+00:00,scored,https://render.com/robots.txt,200,b5fe9c24719a4843d2959e889b4beeaee50f3bacafb135d1646336ecffc8bf71,939
bombas.com,2026-08-30T16:16:42+00:00,aborted: homepage returned HTTP 429,,,,
shifter.pt,2026-08-30T10:02:47+00:00,scored,https://shifter.pt/robots.txt,200,fa8835a1c734375ada03453f8dc15fed6906adaa98b661e10b49832052869195,517
maxmat.pt,2026-08-30T09:59:42+00:00,scored,https://www.maxmat.pt/robots.txt,200,3c31be4904fd85de9a999b0b4973c35281dfd02debd7cbc1ea6c2a1c1ac94e44,325
meundies.com,2026-08-31T01:00:52+00:00,aborted: homepage returned HTTP 429,,,,
imovirtual.pt,2026-08-31T00:57:56+00:00,scored,https://www.imovirtual.com/robots.txt,200,ff23a98e9c5e37cc14062e72b5e0dc89e1b54617acb33c4f4d409157dd2c16bc,1188
visao.pt,2026-08-30T10:03:43+00:00,scored,https://visao.pt/robots.txt,200,0b526932e78907ac6d2f6bcc0ace59505582b17357fbc73e10821ce72a3f7c41,70
lojadadiana.pt,2026-08-30T15:29:01+00:00,scored,https://lojadadiana.pt/robots.txt,200,dd21c91a11602bcf51e08c2ebc1058c2a150bb92608556cf3930ff1cf65bd6b8,3624
magnetikco.com,2026-08-30T15:29:04+00:00,scored,https://magnetikco.com/robots.txt,200,61fd909dfc8cd54f72cf40185df596200884cb0ff38b7f7cfdb5cb7bd4057924,3624
databricks.com,2026-08-30T16:17:04+00:00,scored,https://www.databricks.com/robots.txt,200,3ba1d70735cb99a341a98d70613dcebfa8284b48f6e0c061960bbe310149248f,129
shopbop.com,2026-08-31T01:08:46+00:00,scored,https://www.shopbop.com/robots.txt,200,75d90b4d1140e43c4cf042e5c550abc3fa45342cb99fa4a60a7840a2698168a7,1608
cin.com,2026-08-31T00:52:01+00:00,scored,https://cin.com/robots.txt,200,0903327fe005a92f0692dea03241e3ade53e51a9e6a5ea1246c22ecfd38cd2ed,2047
parade.com,2026-08-31T01:03:55+00:00,aborted: homepage returned HTTP 403,,,,
lux.iol.pt,2026-08-31T00:59:33+00:00,scored,https://www.lux.iol.pt/robots.txt,200,6720d44dc6eacee6aeeaaf0a56d753712650aa003604d7be9cb105a943b207ec,119
androidcentral.com,2026-08-31T00:45:27+00:00,scored,https://www.androidcentral.com/robots.txt,200,9d2396df64952ec2207d50ae496a1026205ab98694301066e15f1ff2907f3394,1592
cinco-quartos-de-laranja.blogspot.com,2026-08-30T10:03:44+00:00,aborted: homepage returned HTTP 404,,,,
partakefoods.com,2026-08-30T16:21:17+00:00,scored,https://partakefoods.com/robots.txt,200,5235f7ed7b0e2e3554b5baa26addf7d4ddf3aed2a4585fa857c76789845f0faf,3630
softinos.com,2026-08-31T01:09:02+00:00,scored,https://shop.softinos.com/robots.txt,200,d8a9f24f9f4f0be69fa16227734480b4476fbbf1dbbaaae323dd4eb03063a2ad,3634
airbnb.com,2026-08-30T10:04:32+00:00,scored,https://www.airbnb.com/robots.txt,200,eee43f42bb76d3f0466014b8598e1cf60fa87944298a507ad31840390474f355,24175
kohls.com,2026-08-30T16:18:58+00:00,aborted: homepage returned HTTP 403,,,,
sensefinity.com,2026-08-31T01:08:35+00:00,scored,https://www.sensefinity.com/robots.txt,200,ea2536f8d676079411e47c19fafb500437ecb56eb618702adac87f682fbc4b5d,1510
meiosepublicidade.pt,2026-08-31T00:59:55+00:00,scored,https://meiosepublicidade.pt/robots.txt,200,6340b094dfb17231a17bd9921243c6e9116bb68084aacbcefee54a659875bcdf,2408
imperfectfoods.com,2026-08-30T16:18:43+00:00,scored,https://www.imperfectfoods.com/robots.txt,200,98b62d26fce720fa109e6f87de6d7d85332eb9b08293eeabebe05cdf63f6b660,419
wix.com,2026-08-30T16:23:27+00:00,scored,https://www.wix.com/robots.txt,200,fef1f6ed42a555f0eb1efa45b48d3d00c98d8eb0452bb6d2a1487d6ba8771d6a,2797
bohastore.pt,2026-08-30T15:15:31+00:00,scored,https://www.bohastore.pt/robots.txt,200,2ce81f650bfd2d03815007f25137df5bdc59cd700539c905742d2390a968e7eb,3632
leesa.com,2026-08-31T00:59:16+00:00,scored,https://www.leesa.com/robots.txt,200,0d56960164b534126736b456ba7d7e16a7c98e3682c72f6b0b4d41239204254d,585
electrodepot.pt,2026-08-30T09:57:35+00:00,scored,https://www.brandshelter.com/robots.txt,200,735c882acd8bc47d000d5fb142bc91ce4ef26c53e4dfad716a114f2bd52649a2,130
rasembalagens.com,2026-08-30T15:43:18+00:00,scored,https://rasembalagens.com/robots.txt,200,4e9e4ba3b80e1ff2aa5745a2f4ee81d9233e5ffeb9e3b1c5ce2053d2b6689522,7295
bertrand.pt,2026-08-30T09:56:43+00:00,aborted: homepage returned HTTP 403,,,,
edp.com,2026-08-31T00:55:21+00:00,scored,https://edp.com/robots.txt,200,17f7b0b22f4a02e7b9d4b252bf47b78870c738d7f35dcfdb043b02470e347603,2005
skynews.com,2026-08-30T16:22:09+00:00,aborted: homepage returned HTTP 403,,,,
timeout.pt,2026-08-30T10:04:29+00:00,scored,https://www.timeout.pt/robots.txt,200,88bfd026bc26b74ed508bcc700d56b5f7d2e096c80bab67d35f8e36074d79c11,18354
net-a-porter.com,2026-08-31T01:03:24+00:00,aborted: homepage unreachable: timeout,,,,
idealista.pt,2026-08-31T00:57:48+00:00,aborted: homepage returned HTTP 403,,,,
timescale.com,2026-08-31T01:11:14+00:00,scored,https://www.tigerdata.com/robots.txt,200,9dbec5f6f87e11c6059e2f57a7f770d6d7cf5f661fc86ca38ceb3bb64481a89f,436
criticalsoftware.com,2026-08-30T10:02:57+00:00,scored,https://criticalsoftware.com/robots.txt,200,e7c3fa4861d89c647a38677dbd8b0ee9373fd1c50158722719c847c707ead2b9,93
purple.com,2026-08-31T01:04:51+00:00,scored,https://purple.com/robots.txt,200,7bfbe52a2d69f39d7d9b783e604d4246a6f77bcbc97567a148b4be085ad344ed,4031
venturebeat.com,2026-08-30T16:23:53+00:00,aborted: homepage returned HTTP 429,,,,
girlfriend.com,2026-08-31T00:55:57+00:00,scored,https://girlfriend.com/robots.txt,200,6ba783be33fa51ddd2cb7d2f05e1b82046cf9ca9653201d73d389ab1601c1164,3622
etsy.com,2026-08-30T10:04:36+00:00,aborted: homepage returned HTTP 403,,,,
diariodoalentejo.pt,2026-08-31T00:54:54+00:00,scored,https://diariodoalentejo.pt/robots.txt,404,,
ecarros.pt,2026-08-31T00:55:15+00:00,scored,https://www.ecarros.pt/robots.txt,200,ec36b8ffcb53bc340777f91954ed042c14a5ad70c94fd40f7bf39442f02a1c21,115
zdnet.com,2026-08-30T16:23:44+00:00,scored,https://www.zdnet.com/robots.txt,200,7dff0b80daea512a30349c3bfa44ac982b2e2c04fac5f8061eeacb652861a650,5426
snowflake.com,2026-08-30T16:22:17+00:00,scored,https://www.snowflake.com/robots.txt,200,be32bef083daa32298486d1d2b03cc24baeb4811392fa32e785db29b04947423,2805
usatoday.com,2026-08-30T16:22:56+00:00,scored,https://eu.usatoday.com/robots.txt,200,9bf8ba4edf177c3d6d293262c25e2149df11a62620e7a66e1938801526dd301c,14456
lululemon.com,2026-08-30T16:20:37+00:00,aborted: homepage unreachable: timeout,,,,
huckberry.com,2026-08-30T16:18:35+00:00,aborted: homepage returned HTTP 403,,,,
feedzai.com,2026-08-30T10:03:06+00:00,scored,https://www.feedzai.com/robots.txt,200,bcd91553ac883f960e6450e4a3b34228c0ea99b12abc4b85d7bc1b36ab3c0395,672
insideclimatenews.org,2026-08-31T00:58:15+00:00,scored,https://insideclimatenews.org/robots.txt,200,df8aa234ad9a5a67bc5bad4c55671a06da4fa803dd8de211508f3affcc7aaebd,190
piscapisca.pt,2026-08-31T01:04:10+00:00,scored,https://www.piscapisca.pt/robots.txt,200,397e3c4dcbb621040add645f0aa609a0077808cb68eff78b3e7020ea60065bcb,735
hbr.org,2026-08-30T10:04:43+00:00,scored,https://hbr.org/robots.txt,200,793e323f3d6c3a728741a62304f4a4e808c6c146aa57a22de3d3c044ba073b27,1016
camper.pt,2026-08-31T00:50:20+00:00,scored,http://camper.pt/robots.txt,404,,
docusign.com,2026-08-30T16:17:15+00:00,scored,https://www.docusign.com/robots.txt,200,eccf99d09e4e51ac398d2829a52a70764a0ca61fbacb409843a078f96cfd7015,1895
martifer.pt,2026-08-31T00:59:46+00:00,scored,https://martifer.pt/robots.txt,404,,
saldopositivo.cgd.pt,2026-08-31T01:08:13+00:00,aborted: homepage returned HTTP 403,,,,
utrust.com,2026-08-30T10:03:40+00:00,scored,https://www.xmoney.com/robots.txt,200,dd90159727e0f975c35abe8ed81537f191ba0f1031366bd9d31911b23534ecdb,428
zarahome.com,2026-08-31T01:13:14+00:00,aborted: homepage returned HTTP 403,,,,
akamai.com,2026-08-30T16:15:04+00:00,aborted: homepage returned HTTP 403,,,,
garrafeirabaco.pt,2026-08-30T15:27:40+00:00,scored,https://garrafeirabaco.pt/robots.txt,200,108413d511ad6a46b86390ceb13e850c600234fdd2de99e2426e361dbbbcb5be,3636
sanity.io,2026-08-31T01:08:16+00:00,scored,https://www.sanity.io/robots.txt,200,7e04d1519fb8fed378bd927167e2e7be1201c416a82c22423e8b972657eb4624,296
mailchimp.com,2026-08-30T16:19:40+00:00,scored,https://mailchimp.com/robots.txt,200,e05b7ad0de825556f53a9fdbac0d36e1fb88bd38d4fef23f76bd0cd51dbc4810,101
dinheirovivo.pt,2026-08-30T10:01:31+00:00,scored,https://dinheirovivo.dn.pt/robots.txt,200,a9bf4067aa77dfb250d80f168b19d458d962664fdd92f626a9171872b82423f6,105
throttleman.com,2026-08-31T01:11:09+00:00,scored,https://throttleman.com/robots.txt,200,de473aa6208a2be4bf1f8d1e86f140f84e4e593e8419393f7390d1dc3a4ec0ba,215
costco.com,2026-08-30T16:18:31+00:00,aborted: homepage unreachable: timeout,,,,
hetzner.com,2026-08-31T00:57:32+00:00,scored,https://www.hetzner.com/robots.txt,200,7c0e0de0a0469552e7ae48283d0c6e9c072deb795619b25ce7b377d8be90c986,196
stratio.com,2026-08-31T01:09:48+00:00,scored,https://stratio.ai/robots.txt,200,8695093e5555b844a13bc44c0f09418c8161943889977401885f5be899f5d5f9,121
investopedia.com,2026-08-31T00:58:15+00:00,aborted: homepage returned HTTP 403,,,,
leak.pt,2026-08-30T10:02:01+00:00,scored,https://www.leak.pt/robots.txt,200,74f4c4a5c6ba4c49cf33bd6472274c765a5db690eb6e0f33561f72240981eb0e,296
gong.io,2026-08-31T00:57:16+00:00,scored,https://www.gong.io/robots.txt,200,5e497ce5507ab29bbd945b2de347a5f925766e69e7b78bb2508bba86c1fd472b,179
pelcor.pt,2026-08-31T01:03:58+00:00,scored,https://www.pelcor.pt/robots.txt,200,18bf4bcef65a2c55a63768e914b65a1a73df75c148d789b7363502f4b967eba7,3614
cutxicutxi.com,2026-08-30T15:28:18+00:00,scored,https://cutxicutxi.com/robots.txt,200,4158322bb22933788eef786d3e3f3fb1df34b69f29a7e12d045cf78751fccb2c,7203
bugsnag.com,2026-08-31T00:50:09+00:00,scored,https://www.bugsnag.com/robots.txt,200,8fa3036c68bfcbd32365f6225d24333264093b7cd38d306e106b4dbdc934fd5b,1248
salesforce.com,2026-08-30T16:22:02+00:00,scored,https://www.salesforce.com/robots.txt,200,905d8800d5cc13bac380697922770b4c201bd32e570b858ff481cab029bbe20d,14256
9to5mac.com,2026-08-31T00:45:30+00:00,scored,https://9to5mac.com/robots.txt,200,64b67fcf1b895ef031cbcb238f33c7349d7d327bd653f4d15ea0329072c84366,911
allbirds.com,2026-08-30T16:15:09+00:00,scored,https://www.allbirds.com/robots.txt,200,c9733b5b6b448f7056fe3a3d8140cee3784e8b9ef075a9c5002f41b73c9d9bca,5495
ovarmedia.blogs.sapo.pt,2026-08-30T10:04:12+00:00,aborted: homepage returned HTTP 404,,,,
castelbel.com,2026-08-31T00:51:19+00:00,scored,https://castelbel.com/robots.txt,200,0c4c8d27ba9b245d6fae56cfae75be0cdf691287e64adbb2e1943e1c0f1dfc97,3620
landing.jobs,2026-08-30T10:03:19+00:00,scored,https://landing.jobs/robots.txt,200,f2fe080bc66022909b440f2d6a5a48143ba9a22e5ef7da0136bb2dd6aec63321,251
bind.pt,2026-08-30T10:02:49+00:00,scored,https://bind.pt/robots.txt,200,76f67d75dc25e0855e18ae1fba5fa9e0c0cbe2444b8316da1c0a601db4acb62e,1551
circleci.com,2026-08-31T00:52:03+00:00,scored,https://circleci.com/robots.txt,200,923e4bd7c370ea431c3f72232884c335aa203ec31a2ff98271ca4882580ac9b7,994
rentherunway.com,2026-08-31T01:05:55+00:00,scored,https://www.renttherunway.com/robots.txt,406,,
meusuper.pt,2026-08-30T09:59:12+00:00,scored,https://www.continente.pt/robots.txt,200,0a068705b5dce418ce015b4dfecbc6a7eb85a0b72e9daf61859d0f0f2d443a47,2609
receitasemamores.blogspot.com,2026-08-30T10:04:13+00:00,aborted: homepage returned HTTP 404,,,,
canemar.pt,2026-08-30T15:15:26+00:00,scored,https://canemar.pt/robots.txt,200,6a074c4b8f443ac042c7f0a1c62cd198a9917cd268258acde7347b6446e7f6d0,3608
ft.com,2026-08-30T10:04:40+00:00,aborted: homepage returned HTTP 403,,,,
mercatus.pt,2026-08-31T00:59:55+00:00,scored,https://mercatus.pt/robots.txt,200,7b16e4884a91acd60c07b397758c3e87d54935572366bc2f4e6387c856e1c196,621
followprice.co,2026-08-31T00:55:39+00:00,scored,https://followprice.co/robots.txt,200,342ab1199d44a903e549925f398ec8962f28910790d70fabd1fa824c51168780,42
digiday.com,2026-08-31T00:54:54+00:00,scored,https://digiday.com/robots.txt,200,d5f637a6775be7863cd21f81dd0dd1f75bdfdc03304e7861ac9a246ec734c3eb,326
logitravel.pt,2026-08-30T09:57:58+00:00,aborted: homepage returned HTTP 403,,,,
iberomoldes.pt,2026-08-31T00:57:42+00:00,scored,https://iberomoldes.pt/robots.txt,404,,
rtp.pt,2026-08-30T10:02:20+00:00,scored,https://www.rtp.pt/robots.txt,200,f284437a90acbaa268a99cce6c68fe2b2cb7905e29ecedc75cb697e67aa12313,364
nike.com,2026-08-30T16:20:46+00:00,scored,https://www.nike.com/robots.txt,200,54ba534bff9e8b4cf89f30c9432c8aa4b8e2b652cb1a9170b25ac8d8ad356ee6,3503
sage.pt,2026-08-31T01:08:10+00:00,aborted: homepage returned HTTP 403,,,,
burrow.com,2026-08-30T16:16:36+00:00,scored,https://burrow.com/robots.txt,200,b8a695b213594299fb58a62b096e9227a71880c724d5ad67dc16535980893a34,3470
portaldasfinancas.gov.pt,2026-08-30T10:04:14+00:00,aborted: homepage unreachable: network: ConnectError,,,,
atlassian.com,2026-08-31T00:44:12+00:00,scored,https://www.atlassian.com/robots.txt,200,c0a6d137d17b75f9f916b616a77e87fde588b0adb4338127b03b55ea77ba3841,1292
clausporto.com,2026-08-30T09:56:49+00:00,scored,https://www.clausporto.com/robots.txt,200,bebb8ff60e306cdb4b4a9244d47a989cd7e3ce26b234309c39ca0ae4d6ea934f,5712
healthcaredive.com,2026-08-31T00:57:31+00:00,scored,https://www.healthcaredive.com/robots.txt,200,00fb88aa4b686c39176c3fd66d03c69e22d976ff1a34926199cc2b7403ea32a0,4954
linkedin.com,2026-08-30T16:18:59+00:00,scored,https://linkedin.com/robots.txt,200,682c9272a91a044789d5fc21a11743211b1644c2b07994d70636794bb9fbe55c,21245
ren.pt,2026-08-31T01:05:20+00:00,scored,https://ren.pt/robots.txt,200,1de82b0994c914aadd4592af5b6fe0a4100347300143f2bf323607ce8eea4d74,1437
btech.pt,2026-08-30T10:01:20+00:00,scored,https://btech.pt/robots.txt,200,361ff7973af9e462705d417ceb1faf999eda8ee744e4ddbee04162ed31a3aee6,109
homedepot.com,2026-08-30T16:18:32+00:00,aborted: homepage returned HTTP 403,,,,
birchlane.com,2026-08-31T00:54:04+00:00,scored,https://www.birchlane.com/robots.txt,200,7a9f9706df7a6c1a6fa1cdff71a9f29f649a5140b24f51f013bf8670ebd27f5e,2284
coursera.org,2026-08-30T16:17:07+00:00,scored,https://www.coursera.org/robots.txt,200,8efbf915a81aaee3c3cf153ce1b7522ea31b7b21c27954e89734845998e45fca,1291
revolve.com,2026-08-31T01:07:01+00:00,aborted: homepage unreachable: timeout,,,,
transportesemrevista.com,2026-08-31T01:11:25+00:00,scored,https://www.transportesemrevista.com/robots.txt,200,8c94e9d8d88d359cbcd169aa95e3383eca488711498b45ee31245d6a005ee3b1,89
politico.com,2026-08-30T16:21:28+00:00,aborted: homepage returned HTTP 403,,,,
allclad.com,2026-08-31T00:45:05+00:00,scored,https://www.all-clad.com/robots.txt,200,61b4df885ae78fbba240514d050c3791fb5b63c3969a66ff234ecd01e64587f1,3279
olx.pt,2026-08-30T09:59:15+00:00,aborted: homepage returned HTTP 403,,,,
lena.pt,2026-08-31T00:59:18+00:00,scored,http://lena.pt/robots.txt,200,e3b0c44298fc1c149afbf4c8996fb92427ae41e4649b934ca495991b7852b855,0
firebase.google.com,2026-08-31T00:57:12+00:00,scored,https://firebase.google.com/robots.txt,200,28fa77548034b1efc024ce358b99e04e543fca32a35ae541ac9c8fd399b41d1d,82
bricomarche.pt,2026-08-30T09:57:36+00:00,scored,https://www.bricomarche.pt/robots.txt,200,e1d2fa298710cb67dae4c04c2ec93811e76e86d6eb1c4795052b47045ab54e16,329
garrafeiranacional.com,2026-08-30T09:57:44+00:00,scored,https://www.garrafeiranacional.com/robots.txt,200,4bcc86febab3e1da3e7f088bdbb8d66b9c65d3547aba39b8ac8adde74e05a1eb,2811
asana.com,2026-08-30T16:15:20+00:00,scored,https://asana.com/robots.txt,200,1b69de0d3887cd5568f7df92f245087d9e815547f68241146797e0a2562b1649,547
haemiskin.pt,2026-08-30T15:42:02+00:00,scored,https://www.haemiskin.pt/robots.txt,200,012da1dd7e5cea969cfbf459b0ff13d2e691520c9e155bae1812e8a98261259c,7292
newegg.com,2026-08-30T16:22:07+00:00,aborted: homepage unreachable: timeout,,,,
latimes.com,2026-08-30T16:19:03+00:00,scored,https://www.latimes.com/robots.txt,200,6dc754f82f55902704f5e1cdd1f406e0f91246ce2238c92e9634f3335f57aab7,1768
cjr.org,2026-08-31T00:53:24+00:00,scored,https://www.cjr.org/robots.txt,200,ff59da3dfc1d37d56a834f951da58d5b5a79699d2ff7079196fe6b21e04f31fa,148
grahams-port.com,2026-08-30T09:57:44+00:00,scored,https://www.grahams-port.com/robots.txt,200,8fa3036c68bfcbd32365f6225d24333264093b7cd38d306e106b4dbdc934fd5b,1248
sendinblue.com,2026-08-31T01:08:34+00:00,scored,https://www.brevo.com/robots.txt,200,8abbeff923f3890c4945ae90424d4d7407f0f5d80efb7011a27a18e697842218,1142
athleticgreens.com,2026-08-30T16:16:10+00:00,aborted: homepage returned HTTP 429,,,,
poynter.org,2026-08-31T01:04:42+00:00,scored,https://www.poynter.org/robots.txt,200,e0c5231d52977dc55838ba6fa794dc1540c9787e3b0cb1c9883221baac57e7f5,113
untuckit.com,2026-08-31T01:11:37+00:00,scored,https://www.untuckit.com/robots.txt,200,9028ca771a86e1accd444e51c9c436011cdeae63c5db158db5954f908f634dfd,3624
frulact.pt,2026-08-31T00:55:43+00:00,aborted: homepage returned HTTP 503,,,,
prometheus.io,2026-08-31T01:04:50+00:00,scored,https://prometheus.io/robots.txt,200,8fa3036c68bfcbd32365f6225d24333264093b7cd38d306e106b4dbdc934fd5b,1248
burlington.com,2026-08-31T00:50:14+00:00,scored,https://www.burlington.com/robots.txt,200,a4dbf6a289ab9bf18b53fba3bb722d7a721817617c0bb301a41cd5b7062594a1,980
sovenagroup.com,2026-08-31T01:09:11+00:00,scored,https://www.sovenagroup.com/robots.txt,200,e4d7e49e457e40665a45efeb9e5beec38a5c47521c0c0b65edb98dd765c1fe70,101
mediamarkt.pt,2026-08-30T09:59:01+00:00,scored,https://darty.pt/robots.txt,200,c2a4c07efb191e859308d849797aaf850955331c8f24ebeb835252ff75125cd6,3600
uniplaces.com,2026-08-30T10:00:18+00:00,scored,https://www.uniplaces.com/robots.txt,200,e5727d245103ac9a9b7b1397b57b59de488111f52b519b52ddee87606560e05e,715
veniam.com,2026-08-30T10:03:42+00:00,scored,https://veniam.com/robots.txt,500,,
bombfell.com,2026-08-31T00:50:03+00:00,scored,https://www.bombfell.com/robots.txt,200,7766393f242799b77b239e73509c3a25ef91e889e11a66ae39156e5b806aeef4,72
lanidor.com,2026-08-30T09:58:09+00:00,scored,https://www.lanidor.com/robots.txt,200,5513321ca62a11dd744f0526888f9eeb58bcca3249201ea838f82840b8a07dbe,3213
gastronomias.com,2026-08-30T10:04:14+00:00,scored,https://gastronomias.com/robots.txt,200,e5c4b84484ee4216e9373be99380320c25dd94805f99f0a805846f087636553f,24
comur.com,2026-08-30T09:56:52+00:00,scored,https://portuguesesardine.com/robots.txt,200,0d7513ee22a348089abe9b3041454897bbcd7400e561a6757416a60068539d49,3652
brightland.co,2026-08-30T16:16:28+00:00,scored,https://brightland.co/robots.txt,200,ba4c9f42038baf549e6340e7cedcf45035fdff8c0aa20519c6a0cd6305093fe1,3618
corta-fitas.blogspot.com,2026-08-30T10:03:53+00:00,scored,https://corta-fitas.blogspot.com/robots.txt,200,107d114a7def6eb5e87e657b9ccfb97186b8b7c0d3a6699bccffffa56fdaeea8,166
jarilo.eu,2026-08-30T15:28:54+00:00,scored,https://jarilo.eu/robots.txt,200,a5088f7d6e153ccfce373d48d51a980138a12d80827e32b281169611fda549e6,3604
vox.com,2026-08-30T16:22:56+00:00,scored,https://www.vox.com/robots.txt,200,d510b34234f933196da5cb5220669b9cbd7d44df7984e089fe12d94b1f41f4ac,7548
terranova.pt,2026-08-31T01:10:54+00:00,scored,https://terranova.pt/robots.txt,200,773fb8d35bb9a39d35335ee6db8dc5c912d2aacbfb823152d9c61cd647dd902d,2027
druni.pt,2026-08-30T09:59:42+00:00,scored,https://www.druni.pt/robots.txt,200,9fcf50bc96ef41534dfe66d66ed0931a4c3721caf1c02b6c8b54c1cb6429fe23,2241
turbo.pt,2026-08-31T01:11:32+00:00,scored,https://www.turbo.pt/robots.txt,200,709aae93a3f2d87a494aca92a016643337e75a9c23b8c05b80acbbe9ed2a52c5,693
seekingalpha.com,2026-08-31T01:08:32+00:00,scored,https://seekingalpha.com/robots.txt,200,346960a3c539ec6404b85d1a16d5391d1627ae5f3f445d3bdf30eddea65f182a,5281
activecampaign.com,2026-08-31T00:44:43+00:00,scored,https://www.activecampaign.com/robots.txt,200,cf066e225cb5b5dff352bd17265954ac0984cc4f4ae72ce035c8b0d8e395ca75,1502
geocakes.com,2026-08-30T15:27:46+00:00,scored,https://geocakes.com/robots.txt,200,ebc5eed9b18bb022fa95001f4348f94d3d114257c06f433c5940efca0dbcffe0,3616
ulta.com,2026-08-30T16:22:55+00:00,scored,https://www.ulta.com/robots.txt,200,f011e9b094b9e753902d490f154d9a7fe242ce3fb67de5aab0aeb0aaff3ede98,1811
supplychaindive.com,2026-08-31T01:10:43+00:00,aborted: homepage returned HTTP 403,,,,
defector.com,2026-08-30T16:17:25+00:00,scored,https://defector.com/robots.txt,200,425625ac220644a27609166e1a51ab3a5bb848dafa48a9c85c8d22e5c3ae8036,243
fortune.com,2026-08-30T16:18:00+00:00,scored,https://fortune.com/robots.txt,200,d6633bb4399f6e46ce807fbb5fce1d0a233fdcb79769bf38a50349159af2e3b0,1774
expedia.com,2026-08-30T16:18:34+00:00,aborted: homepage returned HTTP 429,,,,
quip.com,2026-08-30T16:21:35+00:00,scored,https://quip.com/robots.txt,200,64737e428323f75e6aa2623b8a36e538dd2db93839ec66441b7208206cad7373,97
wetheknot.com,2026-08-30T10:00:30+00:00,scored,https://www.wetheknot.com/robots.txt,200,b38db67c78a22ced39c388dd0bed868a7154567404659b000f42411529296e15,46
somague.pt,2026-08-31T01:10:41+00:00,aborted: homepage unreachable: timeout,,,,
forbes.com,2026-08-30T16:17:54+00:00,scored,https://www.forbes.com/robots.txt,200,945fd312a8432c57904023f4120f0a532c63b865a91d1004cdb8f0e2ef880d0c,10719
mejuri.com,2026-08-30T16:20:22+00:00,scored,https://mejuri.com/robots.txt,200,7481ef089e1e4e289baae0a81e0d739f5f5b291c0e546f78269f965b97438f45,3315
bizdirect.pt,2026-08-31T00:50:01+00:00,aborted: homepage unreachable: network: ConnectError,,,,
aventar.eu,2026-08-30T10:03:48+00:00,scored,https://aventar.eu/robots.txt,200,4843c5c1cd470c2102d19146d47706a802d19982f601af0ceaebeebdcd82a055,152
geostar.pt,2026-08-30T09:57:53+00:00,scored,https://www.netviagens.pt/robots.txt,200,78d2385495c27a965d47f4df6c94f56d6343c2e47937ee0497de9102ccace4c0,366
soma.com,2026-08-31T01:09:13+00:00,scored,https://www.soma.com/robots.txt,200,c30e2ee9ebe6c5098092ada80f723c198a0d39c0dc7d9e248bb5efbe14e3cc23,207
opentable.com,2026-08-30T16:20:58+00:00,aborted: homepage returned HTTP 403,,,,
llbean.com,2026-08-31T00:59:17+00:00,scored,https://global.llbean.com/robots.txt,200,e18f90ba1ef9dbb417849b3b38ba5554f36aea1e7cf3e2d381ef441971ef8a3c,1230
publituris.pt,2026-08-30T10:02:19+00:00,scored,https://publituris.pt/robots.txt,200,fcb39095266ed31b6031f5e538fbf2b5eb0ee823d8aa431215e91e1f2bed9ae2,2401
ifthenpay.com,2026-08-30T10:03:11+00:00,scored,https://ifthenpay.com/robots.txt,200,a386f43523cbc4eee1816671f361547fac8758195b65b00c554b1f43fc941d10,783
tjmaxx.com,2026-08-31T01:11:16+00:00,aborted: homepage returned HTTP 403,,,,
cozinhadaduquesa.blogspot.com,2026-08-30T10:03:47+00:00,aborted: homepage returned HTTP 404,,,,
esporao.com,2026-08-30T09:57:34+00:00,scored,https://esporao.com/robots.txt,200,6e4c7b1e897138b577f797cedefeca17296b75c9b3f5d636cf70ec2b4d792fde,125
emailbidding.com,2026-08-30T10:04:30+00:00,aborted: homepage unreachable: timeout,,,,
ikea.com,2026-08-30T16:18:44+00:00,scored,https://www.ikea.com/robots.txt,200,53df86f20aea5f91125e8ed0d4ae2c69aaf94fd671a276b41354a5a62b4a9338,4054
solostove.com,2026-08-30T16:22:26+00:00,scored,https://www.solostove.com/robots.txt,200,46e5bd0a33552b4efdea5e8ca753e2da423669c592f014f278f19fd324184d9c,84
flytap.com,2026-08-30T09:58:07+00:00,scored,https://www.flytap.com/robots.txt,200,0ca443655d4f5a63a5502aa666c06396975cecc964cd5df5046f2782ec3836e9,648
ibersol.pt,2026-08-31T00:57:46+00:00,aborted: homepage unreachable: network: ConnectError,,,,
lidl.pt,2026-08-30T09:58:29+00:00,scored,https://www.lidl.pt/robots.txt,200,2825cef3bc15a546828bfe50d8b7e8cb9f4d77eb0c6e04a88c61c755bccd21d8,259
distribuicaohoje.com,2026-08-31T00:55:06+00:00,scored,https://www.distribuicaohoje.com/robots.txt,200,ab9116b126cab2318c80c296ff45d50cdc88c8890bc87319185e6bac78312f9f,4688
zendesk.com,2026-08-30T16:23:50+00:00,scored,https://www.zendesk.com/robots.txt,200,febf032bdcc18f83dbd17c75b2903f569c43c3f21f364616b2cda97714c36166,1028
notion.so,2026-08-30T10:05:07+00:00,scored,https://www.notion.com/robots.txt,200,f15328fade9b3842e57475ee74ee6888a39942ecf0267b10f1d2316a9441dc35,1178
skinlife.pt,2026-08-30T10:00:34+00:00,scored,https://skinlife.pt/robots.txt,200,16b3df43c297fd6979dae676fab106381e27a9403efccd86c8782bc680e144b8,6073
404media.co,2026-08-30T16:14:59+00:00,scored,https://www.404media.co/robots.txt,200,c29c3aa47940a5afc59754059c01bc0d35f7b8bba122349ac14e7347ad01c300,213
nortravel.pt,2026-08-30T09:59:06+00:00,scored,https://www.nortravel.pt/robots.txt,200,7acb75067a2b0d04b771a677ac0df965674f1b74844d9a94919c9fd4e4df3188,41
alojadacerveja.com,2026-08-30T15:15:30+00:00,scored,https://alojadacerveja.com/robots.txt,200,5b852eff0ba5e99d76fcb0572ba3e12472f0c7392cb24080d804435d8f8fc872,3640
fnac.pt,2026-08-30T09:57:16+00:00,aborted: homepage returned HTTP 403,,,,
yelp.com,2026-08-30T16:23:29+00:00,aborted: homepage returned HTTP 403,,,,
custojusto.pt,2026-08-30T09:57:13+00:00,scored,https://www.custojusto.pt/robots.txt,200,4cebf80ea51508561016748fd1b4cf63c76e6c69b7970b63a6a4f84f36d26f96,1232
combatsports.store,2026-08-30T15:27:08+00:00,scored,https://www.combatsports.store/robots.txt,200,aa39398e9c0f823a5dae7bc5eaf3c0b9b2fe21cb84a4b34f2368830e6a41f035,3654
niepoort-vinhos.com,2026-08-30T09:59:28+00:00,scored,https://www.niepoort.pt/robots.txt,200,3a125e84a637dc3f5442bb6949fa200056f37db4627b4c2a3addc55bbb89b703,23
oribatejo.pt,2026-08-31T01:03:45+00:00,scored,https://www.oribatejo.pt/robots.txt,200,8f1f3ee24e2be0168455c512b1ec6b75264135e8553f4a418d9996b64f18ce50,1938
lulus.com,2026-08-31T00:59:32+00:00,scored,https://www.lulus.com/robots.txt,200,ff481505fcbd98ea2fd7c3a8deb7b7a3f985493e16dbcec0359c6af1ee2561ee,1088
ietf.org,2026-08-30T16:18:39+00:00,scored,https://www.ietf.org/robots.txt,200,ab0325f3171f1f1e6e221b92ec6c86909ea782804d5cf35f1802542cd78ef377,51
estampesuaart.com,2026-08-30T15:27:30+00:00,scored,https://estampesuaart.com/robots.txt,200,a2bac08ac3361d6f724b29ed54850c339de0b565c341a98fea4a8c65c56d72bb,7299
19thnews.org,2026-08-31T00:44:34+00:00,aborted: homepage returned HTTP 403,,,,
qualtrics.com,2026-08-31T01:04:53+00:00,scored,https://www.qualtrics.com/robots.txt,200,152c7d3a5b2974c13436268201289512a7c386d39309eba80d0a2ecb449a2560,30643
flash.pt,2026-08-31T00:55:39+00:00,scored,https://www.flash.pt/robots.txt,200,855bd34641ce4244b82b1492a58d34afcf57d9381de0b83f7601b057275baa53,340
clickhouse.com,2026-08-31T00:52:18+00:00,scored,https://clickhouse.com/robots.txt,200,38a9b167dbc10b13947c26c03cd46417e83b62caf0a354ce2e4e75c1742ea9bb,112
nobrand.pt,2026-08-31T01:04:48+00:00,aborted: homepage unreachable: timeout,,,,
meta.com,2026-08-30T16:19:51+00:00,scored,https://www.meta.com/robots.txt,200,d1cc02c8b2817d84ab456896b2c6bbe922da75a85bd341b3283d33bacd2dd6ea,3419
jcpenney.com,2026-08-31T00:58:21+00:00,scored,https://jcpenney.com/robots.txt,200,0717de505a5efd0fe6b270e814b69f1bfd5f5e59f6744803046c80ad411a081e,1271
semapa.pt,2026-08-31T01:08:44+00:00,scored,https://www.semapa.pt/robots.txt,200,3cea4555253cf2b4b91fd4857802518b512ac3c6964c33a95ecf7ad0cdef8e6d,210
closer.pt,2026-08-31T00:52:25+00:00,aborted: homepage unreachable: network: ConnectError,,,,
cimpor.pt,2026-08-31T00:51:57+00:00,scored,http://cimpor.pt/robots.txt,404,,
grafana.com,2026-08-31T00:57:17+00:00,scored,https://grafana.com/robots.txt,200,8375777d1b1594da539d683f9ed3b8b3c72825c423ca5ba107f9dde10eaf7a36,84
nit.pt,2026-08-31T01:02:25+00:00,scored,https://www.nit.pt/robots.txt,200,bef99c76410a6c4bbd804c616bf7c21f31a356cf8d8d3b7e29cfeaa3190de553,328
neimanmarcus.com,2026-08-31T01:01:49+00:00,aborted: homepage returned HTTP 403,,,,
liquiddeath.com,2026-08-30T16:19:05+00:00,scored,https://liquiddeath.com/robots.txt,200,e00990569d78b3fb81c9c3c0e5f8bc7cc45d017f9b6499afc90d32fc9b2bbe89,3626
noticiasaominuto.com,2026-08-30T10:01:59+00:00,scored,https://www.noticiasaominuto.com/robots.txt,200,36182eeacb5f0039c2eb78f30fb99fca20e4e2412a96a46a6c351911f6da0e72,1755
quora.com,2026-08-30T16:21:34+00:00,aborted: homepage returned HTTP 403,,,,
stubhub.com,2026-08-30T16:22:23+00:00,scored,https://www.stubhub.com/robots.txt,200,706764e6607aa51de32c1f3932f8ffaf27f2fb82e53eb52edeee8f5ffa4e2443,14172
apolonia.com,2026-08-30T09:56:54+00:00,scored,https://www.apolonia.com/robots.txt,200,30088d35eefd47e6e346b93da92b51ba634123ae063f0aadf136848429f72dd0,251943
cofina.pt,2026-08-31T00:52:42+00:00,aborted: homepage returned HTTP 530,,,,
ojogo.pt,2026-08-30T10:02:30+00:00,scored,https://www.ojogo.pt/robots.txt,200,67b5f829bc1dcc6db51d5a14f0bd3ee59d35d95a14a85ec4f4ac1b3a151fae9c,2923
macrumors.com,2026-08-31T00:59:37+00:00,scored,https://www.macrumors.com/robots.txt,200,3fa78e918c6a3fd64c273bbc4e9c9b9634f469d1075178a3fa7c918ec11441f8,155
zumiez.com,2026-08-31T01:13:19+00:00,scored,https://www.zumiez.com/robots.txt,200,d10ff65b8078ef0babd045850ee2adabedc952e015c0a51357013767fa254062,903
efacec.pt,2026-08-31T00:55:22+00:00,scored,https://www.efacec.com/robots.txt,200,aee689299e64dfad67b0537847d9e6297433f80316f52fe937f3255e5c3cc815,171
funcosmetics.pt,2026-08-31T00:55:50+00:00,scored,https://funcosmetics.pt/robots.txt,200,5d2391fcc6741e709ffd24ed9b2500fb3488d197e3bb79431f98f08f6309eb52,173
primeit.pt,2026-08-30T10:03:26+00:00,scored,https://www.primeit.pt/robots.txt,200,90d24bc3bf698ac1e173739502298ccca72adf1f564fab05f484b8c48d1cadd2,67
calendly.com,2026-08-30T16:16:35+00:00,scored,https://calendly.com/robots.txt,200,0bc39da8943d0ba14995453d49ea18216195b036f97c135bd17a52aa9410ba2d,335
gizmodo.com,2026-08-30T16:18:09+00:00,scored,https://gizmodo.com/robots.txt,200,251218b4fa95b483aef0f105bc32d20ad28b7e012287f9a466c74a5d7a64c2ec,1223
npr.org,2026-08-30T16:20:55+00:00,scored,https://www.npr.org/robots.txt,200,385d71521a5490c6e23f0b73936b31c6f5e537bc678669c694b39c89f6aa9287,4657
science4you.com,2026-08-30T10:03:29+00:00,scored,https://science4you.com/robots.txt,200,84f7242b69a0d079d88d20a768e20124979f0499d2b0e5b947cc4b32bc07dff9,66
phc.pt,2026-08-31T01:04:26+00:00,scored,https://phcsoftware.com/robots.txt,200,f820d742eb51a1dbf3ef552c2b124139ac6284053c45bb57c78f8cff2e05f483,24
mongodb.com,2026-08-30T16:20:28+00:00,scored,https://www.mongodb.com/robots.txt,200,79b3e7543ec8c0e56527f4cd232f1ee5f8c6872ea0c10c74820f0f64822a71f8,2859
maisfutebol.iol.pt,2026-08-30T10:01:54+00:00,scored,https://maisfutebol.iol.pt/robots.txt,200,94059e41817b565730670b446378e8df7673a282ea68d72a127e4bbf1febc5a8,667
finextra.com,2026-08-31T00:55:34+00:00,aborted: homepage returned HTTP 403,,,,
dnoticias.pt,2026-08-30T10:01:37+00:00,scored,https://www.dnoticias.pt/robots.txt,200,47673440b54959160c7566ddf37cab6fdc3122c6aa5ac6989241f3448ff92460,1344
sprinklr.com,2026-08-31T01:09:27+00:00,scored,https://www.sprinklr.com/robots.txt,200,cf9845da04eb353a392ec24993fa345ae226c79abde9814f1c671779ec433081,483
linode.com,2026-08-31T00:59:46+00:00,scored,https://www.linode.com/robots.txt,200,78512e7964119cd972dca87ec957f0d1709a492cb873637c7b2337da692b86f2,499
tvi.iol.pt,2026-08-30T10:02:24+00:00,scored,https://tvi.iol.pt/robots.txt,200,b052254efd12cf35386834c1c1ec1bb48bee4912e028751a5fed42e9408eaa81,3771
sol.sapo.pt,2026-08-31T01:09:02+00:00,scored,https://sol.iol.pt/robots.txt,200,995bc3ec4894ca03ef7c6d20b6495566d8eeb6ff82c9c456f866268872f8afd3,528
fellowproducts.com,2026-08-31T00:55:37+00:00,scored,https://fellowproducts.com/robots.txt,200,206a94ab98a11f789513d6f2f2b72f223bb60ac4d056f2dfad898a616734c97a,5394
edreams.pt,2026-08-30T09:57:06+00:00,scored,https://www.edreams.pt/robots.txt,200,f523a375c215e0dbe1b3810ff63eb6dd2182f7c44ad7e9f3794cadf814deb0f7,3383
infoworld.com,2026-08-31T00:58:13+00:00,scored,https://www.infoworld.com/robots.txt,200,efdacf8a0f35fee1a93f4d149a3e4ebe4e40d4f151da1a2e5188ad0030c076eb,2912
adage.com,2026-08-31T00:44:54+00:00,scored,https://adage.com/robots.txt,200,e30d5fede5401ca881cf4a241370fc10f7089365ba3e0eefc19cb07a09107ba6,1258
chicos.com,2026-08-31T00:51:58+00:00,scored,https://www.chicos.com/robots.txt,200,cc4867448ee26a49ce13d95818dd3b234a19b1c9129ebcd589b236c17ba47a54,209
zap.aeiou.pt,2026-08-30T10:03:39+00:00,scored,https://zap.aeiou.pt/robots.txt,200,3f2a25f106bc8952c83785696cd5fad0100fdcec6218f96731c0432b429b89cc,2119
khanacademy.org,2026-08-30T16:18:52+00:00,scored,https://www.khanacademy.org/robots.txt,200,de8d690cc29d476a93319b1c1277c589cc93968af1ce8bd1e1f6ec201a253d7a,1129
reddit.com,2026-08-30T10:04:55+00:00,scored,https://www.reddit.com/robots.txt,200,41aea42110242175c7b4247f222fa95ac6caee62044af686b684785832781857,538
morningstar.com,2026-08-31T01:00:13+00:00,aborted: homepage returned HTTP 202,,,,
gant.pt,2026-08-31T00:55:51+00:00,scored,https://www.gant.pt/robots.txt,200,ce671b8b816cc912d3a62d2bc4d1db44c5cda2960fff0ee55e880d68f77a6663,1183
vuori.com,2026-08-30T16:22:59+00:00,scored,https://vuoriclothing.com/robots.txt,200,a70fd40e5609213bafcfdf713942b42fb03de78b27ca934d1ce4a8782fa20f67,2375
chip7.pt,2026-08-31T00:51:54+00:00,scored,https://chip7.pt/robots.txt,200,aa0858dbdd1858c47c6dab5db65ef83a6f45584b35c2190ad9759565e3799877,325
brevo.com,2026-08-31T00:50:03+00:00,aborted: homepage returned HTTP 404,,,,
dollarshaveclub.com,2026-08-30T16:17:17+00:00,scored,https://us.dollarshaveclub.com/robots.txt,200,b5ea50ba1fa159c011719f70fdec52bdbe8a6921ce32480406bb104d2be91485,3656
makro.pt,2026-08-30T09:58:05+00:00,aborted: homepage returned HTTP 403,,,,
gerador.eu,2026-08-30T10:04:34+00:00,scored,https://gerador.eu/robots.txt,200,1877e3f2e4e936942d9be179317f0582bebff3b72adcbac66c9026135ca74db2,90
altran.pt,2026-08-31T00:45:10+00:00,scored,https://altran.pt/robots.txt,200,c8c4f2160d34fd19065ef3e7a0a2462df5eabfd0ace9f9a6ef3d03759fc6318e,173
divergente.pt,2026-08-30T10:01:34+00:00,scored,https://divergente.pt/robots.txt,200,45189c2f6ac8f85c013c846173e82cf0c7c848d7233ebaaf79709ad14c8c7714,117
haus.com,2026-08-30T16:18:28+00:00,scored,https://haus.com/robots.txt,200,a1018978f5c6f03ed495da37abc0b2126f332a2a0f9d720aaf7b06663ffafa7d,29070
viajarentreviagens.pt,2026-08-30T10:04:32+00:00,scored,https://viajarentreviagens.pt/robots.txt,200,9c35abecd0bd9d7893724b8e08df946fc6fa02271674aefc61bc8d26a504fd06,244
reconquista.pt,2026-08-30T10:02:04+00:00,scored,https://www.reconquista.pt/robots.txt,200,220861b43451fe77f69f7b8f78081ef4da6deec595c598ba113cf5332e30c6b6,210
altis.pt,2026-08-31T00:45:08+00:00,scored,http://www.altis.pt/robots.txt,200,799624c62545adb94a1a7776e3960a2fb61b1594ae4f19a19b5c0c1ce6087fc2,12172
newyorker.com,2026-08-30T16:20:40+00:00,scored,https://www.newyorker.com/robots.txt,200,b0af4246b016089c8049d9ab5688c812cda01744896c0bf6313f3588060d6216,1958
hedgehouse.com,2026-08-31T00:57:28+00:00,scored,https://hedgehousefurniture.com/robots.txt,200,5efb5c690401955e63ea207482f542bce1f73a24f9421e524c80fca5ffbcbb4f,3658
wells.pt,2026-08-30T10:00:38+00:00,scored,https://wells.pt/robots.txt,200,da0f6dbc3d7a3ec494f61b201b958468eb4c33aa5398ef7904872cb1a4d54ec9,728
stackoverflow.com,2026-08-30T10:04:57+00:00,aborted: homepage returned HTTP 403,,,,
muzzley.com,2026-08-30T10:03:18+00:00,scored,https://www.habit.io/robots.txt,200,492368af50f0d70c9672274a92cfd3d16172804917e0b3ff656ce0672d7c35c8,357
diariodigital.pt,2026-08-31T00:54:48+00:00,aborted: homepage unreachable: network: ConnectError,,,,
biond.pt,2026-08-31T00:48:03+00:00,scored,https://www.biond.pt/robots.txt,200,5ece7de9350ae3268ebb5c23d775ca35d8578000ffd24519902cb107106f701d,170
thestreet.com,2026-08-31T01:11:07+00:00,aborted: homepage returned HTTP 403,,,,
jcrew.com,2026-08-31T00:59:12+00:00,scored,https://www.jcrew.com/robots.txt,200,5d5b2fd49ade2307b3505209f56c142c5815c8d947c719f46ccb4c003e1b9d70,2495
bikeplanet.pt,2026-08-30T09:56:52+00:00,scored,https://www.bikeplanet.pt/robots.txt,200,47424e7bf9d53bd37682e7776b90bac14fd1b309790837c17ee10e52875d45c4,3636
bhphotovideo.com,2026-08-30T16:15:32+00:00,aborted: homepage returned HTTP 403,,,,
centenarium.pt,2026-08-31T00:51:40+00:00,scored,https://www.centenarium.pt/robots.txt,200,9311bab30d8b5d05f5fa5563a251b8c96b8470873bb77c62d3d17c146d7acab7,67
lusa.pt,2026-08-30T10:01:52+00:00,scored,https://www.lusa.pt/robots.txt,200,f64b22bb45805857807c34fb428399a2e11fa00def59e940a9ef5fcf69c24936,2171
casa.pt,2026-08-30T09:57:46+00:00,scored,https://casa.pt/robots.txt,200,ec0067fb0925e79d7a0158e78266ecc507f27b30733f13fad8df5958bfad6110,596
gouveiaspublicidade.pt,2026-08-30T15:41:59+00:00,scored,https://gouveiaspublicidade.pt/robots.txt,200,99715cde74e99985f73a246b7aa8e1377ef67781ef2bc898b0c5ef2b79b56557,3658
saatva.com,2026-08-31T01:08:12+00:00,scored,https://www.saatva.com/robots.txt,200,0d63ea8fbd427dfed2d0e60cdca4c3c5190554fcc89383b3f8a45f90d20bd42e,278
wintouch.pt,2026-08-31T01:12:08+00:00,scored,https://wintouch.pt/robots.txt,200,63a4ca0df7635b65b11bc830e4b49ba11a68a57c60849f9079079c2c085bf27c,112
contasconnosco.pt,2026-08-30T10:03:54+00:00,scored,https://contasconnosco.cofidis.pt/robots.txt,200,a92817588d4581bf85d62b0c42c24bf1925f174ed8af40f16903b20bf93d9256,2394
marshalls.com,2026-08-31T00:59:47+00:00,aborted: homepage returned HTTP 403,,,,
adidas.com,2026-08-30T16:15:00+00:00,aborted: homepage returned HTTP 403,,,,
casasapo.pt,2026-08-31T00:54:35+00:00,scored,https://casa.sapo.pt/robots.txt,200,34871caffddb77ac472a0d80d7bbf2b39d4dcc61e0babfb059a75640471e9b71,7502
mindera.com,2026-08-30T10:03:22+00:00,scored,https://mindera.com/robots.txt,200,ec683f722138c2098467f1f7e2c63f671d67247a6010fbedc6103ad5ad3c56a6,222
nos.pt,2026-08-30T09:59:18+00:00,scored,https://www.nos.pt/robots.txt,200,ff32022134d9211b436b485e9c592a5657f303ce8f5f049ab64a76933b6d1aaa,1167
vercel.com,2026-08-30T10:05:15+00:00,scored,https://vercel.com/robots.txt,200,222d2631a3ddc6cc4b13f932f2b0e5fbb238819c1886e1412de7f82d8422db19,629
clickup.com,2026-08-30T16:16:58+00:00,scored,https://clickup.com/robots.txt,200,7e0b8ecd80efe4b664c0b1547dc2d25b0037bf9e93ed8095259fd7f53b610a67,1308
homegoods.com,2026-08-31T00:57:34+00:00,aborted: homepage returned HTTP 403,,,,
caras.pt,2026-08-31T00:50:16+00:00,scored,https://caras.pt/robots.txt,200,54904479445904b90bbca389a1ce08e09c88e89676700923ed4411c4f6342b29,165
loom.com,2026-08-30T16:19:04+00:00,scored,https://www.loom.com/robots.txt,200,da76be0deb74c504a8530dfdf6a1d8f441fb7db04d5fd52cbd7f39e451426ee7,377
wired.com,2026-08-30T10:05:27+00:00,scored,https://www.wired.com/robots.txt,200,7e12f9d93a8a761a7a830a5e692bbef07f49957afed97b59ddcc60018b1a858a,1994
splunk.com,2026-08-31T01:09:20+00:00,scored,https://www.splunk.com/robots.txt,200,d9c6d4928b52cb602849aa220525607d4e456d4905e58d939fdb3834f7029427,7733
toddsnyder.com,2026-08-30T16:22:45+00:00,scored,https://www.toddsnyder.com/robots.txt,200,e78d0902ae278406beb39a76be41fcd694aa11f98fec8abd15b18a28b76017d6,6141
fumaca.pt,2026-08-30T10:01:35+00:00,aborted: homepage returned HTTP 403,,,,
torresnovas.pt,2026-08-31T01:11:55+00:00,scored,https://cm-torresnovas.pt/robots.txt,200,f1a6b5e3f6e69a71c53516c4bce70e2414429d23dab6814239500999eb80907e,764
defensenews.com,2026-08-31T00:55:02+00:00,scored,https://www.defensenews.com/robots.txt,200,6f929be3b44bbbe047b24d3fb8d41aa9fc5c5605383c3214f29dbc821fe3be35,254
glintt.com,2026-08-30T10:03:06+00:00,scored,https://www.glinttglobal.com/robots.txt,200,48a4d2b380e8d91893e7feeaa5a85eabbe022065e5442b1219065163cd6434b0,235
continente.pt,2026-08-30T09:57:10+00:00,scored,https://www.continente.pt/robots.txt,200,0a068705b5dce418ce015b4dfecbc6a7eb85a0b72e9daf61859d0f0f2d443a47,2609
davidcatalan.com,2026-08-31T00:54:45+00:00,scored,https://davidcatalan.com/robots.txt,200,43903a4dd8c190e3ef3273a88cd05bb6beca47093a0ec80d0d2c26a38832614b,69
squarespace.com,2026-08-30T16:22:19+00:00,scored,https://www.squarespace.com/robots.txt,200,2280dba517d015842f2e97870bf9c17952ac25fec56b9685637501e839d8ca3b,2379
tripadvisor.com,2026-08-30T16:22:41+00:00,aborted: homepage returned HTTP 403,,,,
udemy.com,2026-08-30T16:22:48+00:00,aborted: homepage returned HTTP 403,,,,
torrie.pt,2026-08-31T01:11:23+00:00,scored,https://torrie.pt/robots.txt,404,,
comunidadeculturaearte.com,2026-08-30T10:03:48+00:00,scored,https://comunidadeculturaearte.com/robots.txt,404,,
techmeme.com,2026-08-31T01:10:50+00:00,scored,https://techmeme.com/robots.txt,200,9eed798ba59448489fbb4802d4bb735e76fc6bdea80d508221e35946e70c5bd7,483
ativa.sapo.pt,2026-08-31T00:46:10+00:00,scored,https://sapo.pt/robots.txt,200,2efae8da84c999734a63b79149ee3af068fd8a9bb415ae202231011c81e714d3,2118
vodafone.pt,2026-08-30T10:01:17+00:00,scored,https://www.vodafone.pt/robots.txt,200,d88c7eb7670f62c62857982ea0fc8ec89be4c2a6a797048b7651e400a365bc50,729
switch.pt,2026-08-30T10:03:35+00:00,scored,https://www.switch.pt/robots.txt,200,4cfb29de37a4ae6aaae56bea0d11e7dd3b77740149fe65615c642437ca4cf247,93
bestbuy.com,2026-08-30T16:17:07+00:00,aborted: homepage unreachable: timeout,,,,
rejuvenation.com,2026-08-31T01:06:39+00:00,aborted: homepage unreachable: timeout,,,,
seatgeek.com,2026-08-30T16:21:55+00:00,aborted: homepage returned HTTP 403,,,,
autosport.pt,2026-08-31T00:47:23+00:00,scored,https://www.autosport.pt/robots.txt,200,8fa3036c68bfcbd32365f6225d24333264093b7cd38d306e106b4dbdc934fd5b,1248
go.dev,2026-08-30T16:18:10+00:00,scored,https://go.dev/robots.txt,200,16ceb5ee3e0dc13aa9adf31a3ebbe45a1d965b8c2b9f72eaf84e5911e140ed95,23
therealreal.com,2026-08-31T01:11:05+00:00,scored,https://www.therealreal.com/robots.txt,200,be558d39f95fb19a15db41a4ab68e9e95b8f4efe292d9feec4a987725378ddc2,786
wpengine.com,2026-08-30T16:23:35+00:00,scored,https://wpengine.com/robots.txt,200,c4f6de43ce9c103d562be0b8c20e9a81bd32291e557e9809baae06a28afb18d5,1805
cmjornal.pt,2026-08-30T10:01:28+00:00,scored,https://www.cmjornal.pt/robots.txt,200,0a52062a74caaa08eae553c8e72400c77a61afc48730eecab3f8b4a5a839816a,666
mit.edu,2026-08-30T16:20:01+00:00,scored,https://web.mit.edu/robots.txt,200,bad4e8ead1b0414e6d9f15a570ae195b73c69f2fd02e3e2516e2991289675a47,199
alento.pt,2026-08-31T00:45:02+00:00,scored,https://www.alento.pt/robots.txt,200,2300fc5260ea1817bd0604b65d535c5c4977e01bacb8444786fd11feb5062ae5,67
propublica.org,2026-08-30T16:21:30+00:00,scored,https://www.propublica.org/robots.txt,200,4743b8689302f700601bf1a0deb353b3dab279c976d25afa2df2169a83534749,190
chicagotribune.com,2026-08-30T16:16:53+00:00,aborted: homepage returned HTTP 403,,,,
pulumi.com,2026-08-31T01:04:54+00:00,scored,https://www.pulumi.com/robots.txt,200,5b4753a57c79677dc6c8808b00ab76ab63c8f548b7dd65a915f8990cb1197869,631
box.com,2026-08-30T16:16:23+00:00,scored,https://www.box.com/robots.txt,200,cb77a92c0a2fe2e45eb81e381bda7c843c0688e0066cd2274fb06a0644deffa9,1484
espacocasa.com,2026-08-31T00:55:28+00:00,scored,https://espacocasa.com/robots.txt,200,c24028aef8b8d226e102187d3090a8fb81defc8bd871ed162ef85abda1266f00,2041
sweetwater.com,2026-08-30T16:22:32+00:00,scored,https://www.sweetwater.com/robots.txt,200,5989b75e2b297cb91049497218228bd0307aee59958fffbb5ba2943196c747e1,2137
saxxunderwear.com,2026-08-31T01:08:22+00:00,scored,https://www.saxxunderwear.com/robots.txt,200,674eb59f8418ac4e4eed1bc0c6df39cd7f6b146519ac04a00cf6b7e77eae6e4a,5556
cbsnews.com,2026-08-30T16:16:44+00:00,scored,https://www.cbsnews.com/robots.txt,200,3183f29f832838e64ddcdfe0fa253efe5003d650c636ba40efa6cfcfe4489570,950
ambitur.pt,2026-08-31T00:45:14+00:00,scored,https://www.ambitur.pt/robots.txt,200,59db74104f23b8c3009548f59f50354d015f114c2a343c4d370bad6ba61c5e38,1906
jenis.com,2026-08-30T16:18:49+00:00,scored,https://jenis.com/robots.txt,200,8ba8e8cca92c0c52bbe3e5b5a1e4ba3b8c34366f6f3647027f271c2285b4ef34,3604
xpand-it.com,2026-08-30T10:03:46+00:00,scored,https://xpand-it.com/robots.txt,200,70b809f6542c349f4e5a6d4908a6b120166d194899c21ac83074be549604fda1,326
nasa.gov,2026-08-30T16:20:32+00:00,scored,https://www.nasa.gov/robots.txt,200,44d72c5ad1a94bb45f25caaba917c39b39b383af3a121b59a5a7e46fbe3ccb05,69
computerweekly.com,2026-08-31T00:53:32+00:00,scored,https://www.computerweekly.com/robots.txt,200,b099420dcc6c63c3bbc7bf6f5d037074bbfd710541b1bcd79c6318c6d39bcd7d,2067
tugatech.com.pt,2026-08-30T10:04:22+00:00,scored,https://tugatech.com.pt/robots.txt,200,5f3cf0e753e0902334ead077a5479dc56712ae712006fca40a9bc8421a39e60c,567
portoferreira.pt,2026-08-30T09:59:49+00:00,scored,https://portoferreira.com/robots.txt,200,3d60ee00e56206ad0b0e981bda2456c1cdd92ec0805862c53e0efbbb0835c919,5796
aminhaterra.pt,2026-08-30T10:01:01+00:00,scored,https://aminhaterra.pt/robots.txt,200,b85acd3513c7c441555efbe089c37c57900fa64e680416d35aad07589cb4bde9,100
unbabel.com,2026-08-30T10:03:51+00:00,scored,https://unbabel.com/robots.txt,200,6c134a05d104e033ce3406552ae0ba68b14ab39e24f95b8a186e9a5736eb0f1a,184
hexclad.com,2026-08-31T00:57:34+00:00,scored,https://hexclad.com/robots.txt,200,e3b0c44298fc1c149afbf4c8996fb92427ae41e4649b934ca495991b7852b855,0
duolingo.com,2026-08-30T16:17:27+00:00,scored,https://www.duolingo.com/robots.txt,200,13dbb017d9b20e5b8ccce6a1d4eb4eb9984d0684763dbc49a0cf17d3f91e74f7,826
casper.com,2026-08-30T16:16:45+00:00,scored,https://casper.com/robots.txt,200,3914466d304df2d808ba6d5245d9964413a820f294d530395074a3ace95ba2da,5483
mixpanel.com,2026-08-30T16:20:08+00:00,scored,https://mixpanel.com/robots.txt,200,1c00eb6fd7dc9b749d107055f45975245cf5e60161115285c9a63dba4361c0f4,314
whitehouseblackmarket.com,2026-08-31T01:11:58+00:00,scored,https://www.whitehouseblackmarket.com/robots.txt,200,05bbc645e1d7c78e93191669f25517e915605e2b7cbc2b18442d8d3e2c2215e9,224
kuantokusta.pt,2026-08-30T09:57:50+00:00,aborted: homepage returned HTTP 403,,,,
redis.io,2026-08-30T16:21:55+00:00,scored,https://redis.io/robots.txt,200,8a716c930ca7a9ff8b30f0cd5463e462afd1c07d3f88e9483fd1fcd310765599,578
navigator.pt,2026-08-31T01:02:39+00:00,aborted: homepage unreachable: timeout,,,,
negocios.pt,2026-08-31T01:01:47+00:00,scored,https://www.jornaldenegocios.pt/robots.txt,200,64e46a32325f274ce232ecb03d70eab2c7bfbc2024b7228df1d920e7ad4aeb79,578
noesis.pt,2026-08-30T10:03:22+00:00,scored,https://noesis.pt/robots.txt,200,7e30df34cf28315042bd0838e15bed0b743412318e0aa70d18036c387a32758e,78
booking.com,2026-08-30T10:04:35+00:00,aborted: homepage returned HTTP 202,,,,
artsoft.pt,2026-08-31T00:45:59+00:00,scored,https://www.artsoft.pt/robots.txt,200,7919c6b0e0d16ba1244e1a18d133ab95d7f62f445f394d6b13a51e21472a6b12,118
bebitus.pt,2026-08-30T09:56:49+00:00,scored,http://bebitus.pt/robots.txt,200,e3b0c44298fc1c149afbf4c8996fb92427ae41e4649b934ca495991b7852b855,0
pagerduty.com,2026-08-30T16:21:16+00:00,scored,https://www.pagerduty.com/robots.txt,200,32cd8a2d35f26cae97d1d47f8a9576d05199cdafffbcf5b98bbc3df03c08d631,405
figma.com,2026-08-30T10:05:16+00:00,scored,https://www.figma.com/robots.txt,200,c697a18811ea19cbb73ed5ada96d8508db3a9d1e571d4c68a4327f2ae5137885,381539
basspro.com,2026-08-31T00:47:30+00:00,aborted: homepage returned HTTP 403,,,,
slbenfica.pt,2026-08-30T10:00:08+00:00,scored,https://www.slbenfica.pt/robots.txt,200,d4c54bfb21479d7f17702d7b9656bef329a02ffd443f58e1c3f39c3dd56c23f2,1261
fugas.publico.pt,2026-08-30T10:03:55+00:00,aborted: homepage returned HTTP 403,,,,
ovhcloud.com,2026-08-31T01:03:50+00:00,scored,https://www.ovhcloud.com/robots.txt,200,09e6f8460ea3922e0889bf4e57e17e3ffc88e26d358dcfc3b342c621601d4308,1604
observador.pt,2026-08-30T10:02:15+00:00,scored,https://observador.pt/robots.txt,200,3d66c9209097730288ecebfd3cca899e8409ea145b97f454e061da6a2088a1c2,1144
slashdot.org,2026-08-31T01:08:56+00:00,scored,https://slashdot.org/robots.txt,200,ece56f588167e26b0862a6fe9eae5dbd737b60ec6b05e921d0146efd07521780,4047
cnn.com,2026-08-30T16:16:56+00:00,scored,https://edition.cnn.com/robots.txt,200,4eed8bbc909b9bc8816b2974b4cdcd4d7c9f15b620a40e31cb0f6452aae32aa0,3456
businessinsider.com,2026-08-30T16:16:32+00:00,scored,https://www.businessinsider.com/robots.txt,200,89f51cf7e3b532fe80b2057cf13765fdc52bc55aafc263e876a37fe120873ddd,2231
graza.co,2026-08-30T16:18:19+00:00,scored,https://www.graza.co/robots.txt,200,e67725cac91cc23bd7ce6a57d37e37f29965ae883bc752018d4ddb6d223755ca,3616
jornaldamadeira.pt,2026-08-30T10:01:46+00:00,scored,http://jornaldamadeira.pt/robots.txt,200,e3b0c44298fc1c149afbf4c8996fb92427ae41e4649b934ca495991b7852b855,0
pcguia.pt,2026-08-30T10:02:36+00:00,scored,https://www.pcguia.pt/robots.txt,404,,
prana.com,2026-08-31T01:04:30+00:00,scored,https://www.prana.com/robots.txt,200,f4af709471105244742616f1fba63653bd10ac2369811c634a6f02b241a509ad,6420
postmark.com,2026-08-31T01:04:22+00:00,scored,https://postmarkapp.com/robots.txt,200,6a833164418ea10dec8c2b30aa24cf6bd0d08bd97649289a5e7c133e4340ab7f,1032
tumblr.com,2026-08-30T16:22:50+00:00,scored,https://www.tumblr.com/robots.txt,200,2892c51fb7e06e7629ccb662ecf47dec3b0bfa6a679b4e112f25f7565ac1fcb0,3452
gap.com,2026-08-30T16:18:01+00:00,scored,https://www.gap.com/robots.txt,200,1ddac2a1ff79f194fd8b8e0328376509b5e140e45e7bf5ac4910af82aaa69e93,871
namecheap.com,2026-08-30T16:20:25+00:00,aborted: homepage returned HTTP 403,,,,
arrastao.blogs.sapo.pt,2026-08-30T10:04:19+00:00,scored,https://arrastao.blogs.sapo.pt/robots.txt,200,3558e663abda17d3a0d63cb49044e8d0247a074a7dee338f8f0f00b82ebc3bff,1299
adecco.pt,2026-08-31T00:44:55+00:00,scored,https://www.adecco.com/robots.txt,200,e90c2965db3b98d573296d5003a6f969f4188cec76b782596d970273ce8abcfe,1202
conforama.pt,2026-08-30T09:56:54+00:00,scored,https://www.conforama.pt/robots.txt,200,d1ea945624332501a77b17a01a066be3fbd78b692937958f0918c39626e5a5bf,907
oje.pt,2026-08-31T01:03:33+00:00,scored,https://oje.pt/robots.txt,200,0ae16a15169d910f69a604e87a8f959a088f4cefe9dc6089415db65429bf79e4,57
anthropologie.com,2026-08-31T00:45:32+00:00,aborted: homepage returned HTTP 403,,,,
sword.health,2026-08-30T15:44:29+00:00,aborted: homepage returned HTTP 429,,,,
ox.ac.uk,2026-08-30T16:21:11+00:00,aborted: homepage returned HTTP 403,,,,
hostelworld.com,2026-08-30T10:03:16+00:00,scored,https://www.hostelworld.com/robots.txt,200,cf53811c86965b35913dd6435f51763385aa379bc8149b07884bc8394ceeab33,1119
biosfera.pt,2026-08-31T00:48:05+00:00,scored,https://biosfera.pt/robots.txt,404,,
amazon.com,2026-08-30T10:05:02+00:00,scored,https://www.amazon.com/robots.txt,200,f62cfb6484ed7cc23380174e8cdeff3603d8815b1e022ddd4117460dd2408ba9,7887
mrporter.com,2026-08-31T01:02:31+00:00,aborted: homepage unreachable: timeout,,,,
sentry.io,2026-08-30T16:22:07+00:00,scored,https://sentry.io/robots.txt,200,c0f7d803d97db6c0bf75804b97eed4a533f7249c27994e253ad4fa403652da96,140
zoominfo.com,2026-08-31T01:13:23+00:00,scored,https://www.zoominfo.com/robots.txt,200,bfcb020b04f675343fa9d6c0d77b1f91d76ae3f191ce5c90cc223c89e4d47cc1,3565
wsj.com,2026-08-30T16:23:28+00:00,aborted: homepage returned HTTP 401,,,,
twitch.tv,2026-08-30T16:22:46+00:00,scored,https://www.twitch.tv/robots.txt,200,3bf83d9ad4057c9f328fab1cf3b6aa74d3bc7e3c5125e0f1ace3b27a36c04da6,1167
walmart.com,2026-08-30T16:23:10+00:00,scored,https://www.walmart.com/robots.txt,200,2a7f8d1550d91c0ef5262f4fca3099a89a117249ee59999b9e70db30de3d3eeb,3584
aptoide.com,2026-08-30T10:02:59+00:00,scored,https://en.aptoide.com/robots.txt,200,3e3c7bd1fb6a2945ba91cf0b731997a1fa26edc453580abc99b95f2b5333682f,2320
pingodoce.pt,2026-08-30T09:59:49+00:00,scored,https://www.pingodoce.pt/robots.txt,200,97e3c02b5bb69a9fa60055670c611713fec2fbfdb9febf4d709ee05babea430a,1140
luisonofre.com,2026-08-31T00:59:32+00:00,scored,https://luisonofre.com/robots.txt,200,61a64db46dd817f140a791dfda2a863ce894a78550f40d43ce562b07bba2b77e,3624
abercrombie.com,2026-08-31T00:44:42+00:00,scored,https://www.abercrombie.com/robots.txt,200,32b70dfe76edaee0e136d4225884dd229cae50b21b382442a46c5cad44015b65,3984
sicnoticias.pt,2026-08-30T10:02:20+00:00,aborted: homepage returned HTTP 403,,,,
hellofresh.com,2026-08-30T16:18:38+00:00,scored,https://www.hellofresh.com/robots.txt,200,f512d27e41b292f1485b86cedc8d27378f222b7483809f524539c23904e84250,725
pressgazette.co.uk,2026-08-31T01:05:26+00:00,scored,https://pressgazette.co.uk/robots.txt,200,ad6b3e2c86b4af9804ad569cdc0a79790a76d2b82fab28b0bfb172e45aafd20a,353
misfitsmarket.com,2026-08-30T16:19:59+00:00,scored,https://www.misfitsmarket.com/robots.txt,200,8ec02c44203971b927b3dec6e6ece4174369c5226e1e112deddf5ba245f3e2a5,481
cabelas.com,2026-08-31T00:50:15+00:00,aborted: homepage returned HTTP 403,,,,
apnews.com,2026-08-30T16:15:07+00:00,scored,https://apnews.com/robots.txt,200,cda1601b3be07fd4441f840e2112fe8009e14c736517fcdd908c29cd6644ab35,1293
fastly.com,2026-08-30T16:17:47+00:00,scored,https://www.fastly.com/robots.txt,200,23afd0d2868ab27736e15dd91bfa2b061fff83da62d60d131f335d21311dc6f3,398
imaginarium.pt,2026-08-30T09:59:17+00:00,aborted: homepage unreachable: timeout,,,,
archive.org,2026-08-30T16:15:13+00:00,scored,https://archive.org/robots.txt,200,83e00f46c71e9fa872694af73fa9c15a615b9052b2f10820a3d146bc506c6161,238
intermarche.pt,2026-08-30T09:57:44+00:00,aborted: homepage returned HTTP 403,,,,
endclothing.com,2026-08-31T00:55:24+00:00,scored,https://www.endclothing.com/robots.txt,200,e61ba6ba8fa31650ae5235ebe21e403be05329eb7ea9f28f83f0f4eb4f70d581,3689
postal.pt,2026-08-31T01:04:17+00:00,scored,https://postal.pt/robots.txt,200,a87d6925a3c454b9f8331aa4a057b3a464bc8af0433794036f031be946f4f858,218
fixando.pt,2026-08-30T10:03:01+00:00,scored,https://www.fixando.pt/robots.txt,200,ebd812d9000502c33491df9e22b4ac2e9f4316f59da51d986a8f2108891302a5,1554
tivolihotels.com,2026-08-31T01:11:23+00:00,scored,https://www.tivolihotels.com/robots.txt,200,f650173619315ccd218a71e7bc90329779b4b102771a2af3babc6515b4ac2cdc,184
openai.com,2026-08-30T10:05:05+00:00,scored,https://openai.com/robots.txt,200,c53100563b9d289efeebb6f826a20c566578e1337e3096e298eb9da5ecc2e498,98
sephora.com,2026-08-30T16:22:06+00:00,aborted: homepage returned HTTP 403,,,,
prenatal.pt,2026-08-30T10:00:00+00:00,scored,https://www.toysrus.pt/robots.txt,200,bbab8c3829c3f95192c4b757bb76c75b5cb5f21f5f56d4e00d6dc7a17ead43e5,1017
marketwatch.com,2026-08-31T00:59:45+00:00,aborted: homepage returned HTTP 401,,,,
inforpress.pt,2026-08-31T00:58:06+00:00,scored,https://inforpress.pt/robots.txt,200,2b29afebbaec2ad70892b8ea1a8f320ebc5cafbaa1203bbfcd29e9be063028b9,158
dropbox.com,2026-08-30T16:17:24+00:00,scored,https://www.dropbox.com/robots.txt,200,cc244a992405a4c1368861e7a1968a68ae1d48567b5802fe4d1f1e00d73974b3,801
chiptec.pt,2026-08-30T09:56:49+00:00,scored,https://www.chiptec.net/robots.txt,200,d9b33780c01f5c0bf24309a724ceb2270735cdf28642566e1997d90c6eabba36,2813
tacticalsoul-pb.com,2026-08-30T15:32:47+00:00,scored,https://tacticalsoul-pb.com/robots.txt,200,938faa5df1e350cd57cd4c297583e902cc6778221ed992d26a97429d77defa60,3644
tecovas.com,2026-08-30T16:22:39+00:00,scored,https://www.tecovas.com/robots.txt,200,64d7c9ee6fb8a0c337860589a6e6644554b4624e2d8aca52d4b0145468e3fb39,2367
target.com,2026-08-30T16:22:32+00:00,scored,https://www.target.com/robots.txt,200,3f8a9e45a59d43ab1b0e4534ae71241fd9e6cbbd3c37b5426bc9efd6eb320bd7,3226
create.it,2026-08-30T10:02:55+00:00,scored,https://parking.nidoma.com/robots.txt,200,331ea9090db0c9f6f597bd9840fd5b171830f6e0b3ba1cb24dfa91f0c95aedc1,26
miro.com,2026-08-30T16:19:56+00:00,scored,https://miro.com/robots.txt,200,d57b93e756e52f2f9c70d1e0ed8d146d6b874e76bca3ae8eb3e73dc0c7406c4c,1730
express.com,2026-08-31T00:55:30+00:00,scored,https://www.express.com/robots.txt,200,bf77d958f8a591c45cc28c81a1f2457f8081de758edd2f0535f0dc731e3c585d,2507
godaddy.com,2026-08-30T16:18:11+00:00,aborted: homepage returned HTTP 403,,,,
grailed.com,2026-08-31T00:57:17+00:00,scored,https://www.grailed.com/robots.txt,200,698e6cd10ccb90e85f1e90cf316518ead910dd193935216ff5436778e42fdb64,1233
sapo.pt,2026-08-30T10:02:20+00:00,scored,https://sapo.pt/robots.txt,200,2efae8da84c999734a63b79149ee3af068fd8a9bb415ae202231011c81e714d3,2118
asreceitaslaporcasa.blogspot.com,2026-08-30T10:03:43+00:00,aborted: homepage returned HTTP 404,,,,
delas.pt,2026-08-30T10:01:58+00:00,scored,https://www.jn.pt/robots.txt,200,168b5623759397820ac4d1036770cb0e6c18284cf02791e4967d603a79184a83,2974
vitacress.pt,2026-08-31T01:12:01+00:00,scored,https://www.vitacress.pt/robots.txt,200,8252aa3adcfc084a6b48257375a3939353d3ce6ebe021f9d1410127909e4be92,117
cockroachlabs.com,2026-08-31T00:52:39+00:00,scored,https://www.cockroachlabs.com/robots.txt,200,42818e52c9eb4a62e2a214ef20e2be6aa0929865df8bfe00c05bfb3e8253463f,5218
citylab.com,2026-08-31T00:52:11+00:00,scored,https://www.bloomberg.com/robots.txt,200,9e9fde22f5fb63a5a1c2037b611e4b67aa232a03d0046b73267afd2e53800b37,7048
netflix.com,2026-08-30T16:20:33+00:00,scored,https://www.netflix.com/robots.txt,200,1e14fa0284e9757b52b48dde38b390effae68afdd72447088e72f18f49b1aa09,3790
railway.app,2026-08-30T16:21:36+00:00,scored,https://railway.com/robots.txt,200,07b16b12281eea08bccb8bccc9ecb63b4d0d9b2b80cd9c76395f7baa9e207960,519
whitesmith.co,2026-08-30T10:03:41+00:00,scored,https://www.whitesmith.co/robots.txt,200,ee2e1970f8b50c090b3f7764b91ed8941c94ec6c7b087b78e066b702badb99bd,113
statnews.com,2026-08-31T01:09:39+00:00,scored,https://www.statnews.com/robots.txt,200,9d9029173c2b2d5f164a57cb6ae3891a7eb835cc40fb9f6f490166068f8adeec,1338
talbots.com,2026-08-31T01:10:52+00:00,scored,https://www.talbots.com/robots.txt,200,8bc21268651718706859b360189f3c312ecbc660399670983d2d0c32a6d21ba9,2078
faherty.com,2026-08-30T16:17:46+00:00,scored,https://fahertybrand.com/robots.txt,200,b9ea59e31910d3e62756ab4a44036a152addca2d34f8ed210cb7cb843640951b,3624
blueapron.com,2026-08-30T16:15:36+00:00,aborted: homepage returned HTTP 403,,,,
bloomberg.com,2026-08-30T16:15:34+00:00,aborted: homepage returned HTTP 403,,,,
blasfemias.net,2026-08-30T10:03:47+00:00,scored,https://blasfemias.net/robots.txt,200,a67229bac2e793674049ced8bb253e676c2a921802dc59dd51ac9d88741125c7,628
showroomprive.pt,2026-08-31T01:08:46+00:00,scored,https://www.showroomprive.pt/robots.txt,200,04571b2f6fdb790e217348254018eea779a1834d7d7f199de8fb7f89538aaa41,2346
joybird.com,2026-08-31T00:58:31+00:00,scored,https://joybird.com/robots.txt,200,942fbec4b1e820aa468cb0054902be8f36f6eb243fb7bc9af791032d1ceb962b,323
corticeiraamorim.com,2026-08-31T00:54:40+00:00,scored,https://www.amorim.com/robots.txt,404,,
mediotejo.net,2026-08-31T00:59:51+00:00,scored,https://mediotejo.net/robots.txt,200,1259140994a7d4037ea33813a2b81687dd3c59a59fcd667019de74b823957f08,483
sograpevinhos.com,2026-08-30T09:59:58+00:00,scored,https://sogrape.com/robots.txt,200,a926d0921ce73b9851bd824184155087bfe9aee251ca60b9f0dd9941a354f6d9,115
barlavento.pt,2026-08-31T00:48:30+00:00,scored,https://www.barlavento.pt/robots.txt,200,7799bc20b66f7d185577ab9eb372be126886cdd8ac23f2b9e69c9866d923e212,279
teixeiraduarte.pt,2026-08-31T01:10:56+00:00,scored,https://teixeiraduarte.pt/robots.txt,200,5b85d0480d7f64f69c400402fa4f3f2b929e31d5228230bc908dc9decc3fda76,262
fly.io,2026-08-30T16:17:48+00:00,scored,https://fly.io/robots.txt,200,490e87e21d3dd12610a0cb0735a9cb1c279a4df4e1b9173e40ea8ee314214b6f,115
intercom.com,2026-08-30T16:18:46+00:00,scored,https://www.intercom.com/robots.txt,200,1f08329e8f75385771074a85c54bc6c8ab54174c611d55b671d7735118956a34,257
adegamayor.pt,2026-08-30T09:56:50+00:00,scored,https://www.adegamayor.pt/robots.txt,200,ec1f67057498bb393018ea179724629b29f2b07e36a7d8c39aeaa6fbe4a0ae64,775
hulu.com,2026-08-30T16:18:44+00:00,scored,https://www.disneyplus.com/robots.txt,200,ea1fedfeaf8ce8df678df9ffb629dbbd7b3492aaa57814b5d8390d8dda1719cd,2794
grist.org,2026-08-31T00:57:17+00:00,scored,https://grist.org/robots.txt,200,450b576989d6cf418d913d6913317afbdc4365ca7a30e57b7c1c9838542792bd,360
nowo.pt,2026-08-30T10:00:20+00:00,scored,https://www.nowo.pt/robots.txt,200,ccabe04089ac66e830cb4961f48cd0a705b0ea4f2702b431ef4c0aa466dc5304,268
macys.com,2026-08-30T16:19:10+00:00,scored,https://www.macys.com/robots.txt,403,,
renascenca.pt,2026-08-31T01:05:25+00:00,scored,https://rr.pt/robots.txt,200,bd34dc0197f39df5e5e4f32a7d46581e6371a143154fbaf62899b204844fc861,1048
rr.sapo.pt,2026-08-30T10:02:06+00:00,aborted: homepage returned HTTP 410,,,,
sportsdirect.pt,2026-08-30T10:00:10+00:00,scored,https://www.sportsdirect.pt/robots.txt,200,5881ae1d37ef1c84a21731db5b587b27050bfa34002db3435df84e0f11701156,4604
rgb.pt,2026-08-30T09:59:48+00:00,scored,http://rgb.pt/robots.txt,404,,
memoriasquesebebem.com,2026-08-30T15:29:22+00:00,scored,https://www.memoriasquesebebem.com/robots.txt,200,63dc42df635e3a991b1d5f8d3d61417920625af81529f5bc4ad298a6a67b4d70,7322
tiapureza.pt,2026-08-30T15:33:03+00:00,scored,https://tiapureza.pt/robots.txt,200,949a6aaefc51083baf4c79d2fde8477dd7669dad646e64f36a7646182d0baf09,7284
casaportuguesa.pt,2026-08-31T00:50:30+00:00,scored,https://casaportuguesa.pt/robots.txt,200,bfa4e6a052c7ab62d418a7b7e04d2977ee52f3d43519077ae3bed419fe0ae175,118
switchtechnology.pt,2026-08-30T10:00:02+00:00,aborted: homepage returned HTTP 403,,,,
infraspeak.com,2026-08-30T10:03:13+00:00,scored,https://infraspeak.com/robots.txt,200,59026f4839a391124db7f15f10593876b98d4a18728fda4171f5fd4ea7869aa0,265
olaio.pt,2026-08-31T01:03:39+00:00,scored,https://olaio.pt/robots.txt,200,9311bab30d8b5d05f5fa5563a251b8c96b8470873bb77c62d3d17c146d7acab7,67
runtime-revolution.com,2026-08-30T16:14:52+00:00,scored,https://runtime-revolution.com/robots.txt,200,be44601d5c2f64e6cbcb0942cc9974c51cffa2f7f7c7c10d61d3ebf7cdabebd1,82
sinfic.pt,2026-08-31T01:08:48+00:00,scored,https://sinfic.com/robots.txt,200,379fd367e9b353f3d3a2471e386dea11e7728e2066cf0dcf881c51dc8a695946,1501
algarveprimeiro.com,2026-08-31T00:45:02+00:00,scored,https://algarveprimeiro.com/robots.txt,200,fa2dea94624f41b73b6bd0aba529717795dfb007842c0fba6a590a86e128d4dd,32
semafor.com,2026-08-31T01:08:33+00:00,scored,https://www.semafor.com/robots.txt,200,a0456bdb0216e5ddf4ed2ce6b75a860f3aec3b2b92da01c1725c1ff68f4f4c79,2884
zonesoft.pt,2026-08-31T01:13:17+00:00,scored,https://www.zonesoft.pt/robots.txt,404,,
zoom.us,2026-08-30T16:24:00+00:00,scored,https://www.zoom.com/robots.txt,200,976c7d36986250d19edd4eee596586de9edf5f7b33e6ec8b303a8bf58b679bf9,1193
vidaeconomica.pt,2026-08-31T01:11:44+00:00,scored,https://www.grupovidaeconomica.pt/robots.txt,200,49035b888fb841e834e2e2e6558fe06569c9755da8c685c17284533b7eed0cd2,696
doist.com,2026-08-30T16:14:52+00:00,scored,https://doist.com/robots.txt,200,36978bc70e02f27ca0def5f253567ef5cc8acef2b7f0b9d5b10ba4a970f25b73,63
braze.com,2026-08-31T00:50:08+00:00,scored,https://www.braze.com/robots.txt,200,763e7163a376658c17b1cb3b7adba437425021cf6a30ac54c2db65dc62ede3d5,129
cei.pt,2026-08-31T00:51:31+00:00,scored,https://www.cei.pt/robots.txt,200,0344fc8e9c4d94931566484897b5656a1b47be532a85781387d7874ba3562840,1890
buffy.co,2026-08-31T00:50:07+00:00,scored,https://buffy.co/robots.txt,200,44dfe949d8173fe6973789e894eec7468ef9000987527790638117fe89bff18e,3594
sloowmarket.com,2026-08-30T15:31:40+00:00,scored,https://sloowmarket.com/robots.txt,200,1ca97fc2840abd903ca7a7395c2d026128ec08f357b8410ffa8a96a302f8a463,7206
visabeira.pt,2026-08-31T01:11:43+00:00,scored,https://visabeira.pt/robots.txt,200,8a5e5a85128e85a55555401bd8f7ae2f716b7c0f03b1a229805242de0d3684c4,73
jysk.pt,2026-08-31T00:58:34+00:00,scored,https://jysk.pt/robots.txt,200,2f9c720dffa90f477ecc13113951d70b0b8decfa203d3f19fb10648b138211bf,166
diariodominho.pt,2026-08-30T10:01:23+00:00,scored,https://www.diariodominho.pt/robots.txt,200,e36236d24c03f0666df6c342ad7f8c8effbded646d7b1ca482ea7025aba8e7f8,214
mrbeastfeastables.com,2026-08-30T16:20:22+00:00,scored,https://mrbeastfeastables.com/robots.txt,200,3bb00d50e6a764de531dfde68b4167ffe81731bd951a42f4d482ca14fd4581f4,28
pacsun.com,2026-08-31T01:03:51+00:00,scored,https://www.pacsun.com/robots.txt,200,d2f9378c213d8a1e8b896d163b699d10752073aa5d6c1c0d8aae348af0f32a6b,1366
twilio.com,2026-08-30T16:22:45+00:00,scored,https://www.twilio.com/robots.txt,200,138fe6da0c1b4682286cb07cb380e7968a940e8cf5a4d6834923fbb81aa626f0,975
crateandbarrel.com,2026-08-30T16:16:58+00:00,aborted: homepage returned HTTP 403,,,,
sportdirect.pt,2026-08-31T01:09:20+00:00,scored,https://sportdirect.pt/robots.txt,200,5286d9afb82f2037d221d2241c5595ae30e6c3385533a02859558daa9700f4d0,136
premium-minds.com,2026-08-31T01:04:38+00:00,scored,https://www.premium-minds.com/robots.txt,200,193539813a81ce70174fc7fc89d82acc0ac5051e19a0c3b1d7ee78123c54b7f7,232
python.org,2026-08-30T10:04:54+00:00,scored,https://www.python.org/robots.txt,200,18cb4cd525df8528491845e76f3af26c29c6795d02ea8133974d3b341a2ddd9f,537
beehiiv.com,2026-08-31T00:47:42+00:00,scored,https://www.beehiiv.com/robots.txt,200,deceb167dccb273649fdf5ab1e6ed15289c2eeddf2556b28c93fe127f3c4988e,5476
stanley1913.com,2026-08-30T16:22:25+00:00,scored,https://www.stanley1913.com/robots.txt,200,38330a03c7174a347e1a99991f78ca2a0b44e856be7f377b315ec214925112bf,8554
westelm.com,2026-08-30T16:23:13+00:00,aborted: homepage returned HTTP 403,,,,
fool.com,2026-08-31T00:55:49+00:00,scored,https://www.fool.com/robots.txt,200,6d95126c4552e25cd949d70c91d5827b6f3e4df64ba5fcc5c289afd7e239b3a3,2311
nodejs.org,2026-08-30T10:04:53+00:00,scored,https://nodejs.org/robots.txt,200,cbcd5e7d85caf581c61f7c0ffb148868b73ffa32e8426b37e08a21d145ce8f32,199
jornaleconomico.pt,2026-08-30T10:01:59+00:00,scored,https://jornaleconomico.sapo.pt/robots.txt,200,f1b228a73d2f6621b81f8d7996fcdc6e94b0947ad904aecc635636f8adbe97eb,463
tintasrobbialac.pt,2026-08-31T01:11:14+00:00,scored,https://tintasrobbialac.pt/robots.txt,200,c98f5b99a67b7e414b46e7300b4875d37fa51143a54b2b9cc351b70016bfd9d3,369
kffhealthnews.org,2026-08-31T00:58:38+00:00,scored,https://kffhealthnews.org/robots.txt,200,06107aeba3f70898ccec7ca900bbe73c59cc7b4f46b12d0ee9e600206189041c,331
patrimoniocultural.gov.pt,2026-08-30T16:15:03+00:00,scored,https://www.patrimoniocultural.gov.pt/robots.txt,200,b9f39d76c6f77fc7b9a848a725b823dc734735e7e30796471b034f70fa8307df,130
expressoemprego.pt,2026-08-31T00:55:30+00:00,scored,https://expressoemprego.pt/robots.txt,200,5216a167e993efde743179cb3062385fdc1530d9c5c8bf93e9b9a682d966809c,118
bbdonna.com,2026-08-30T15:15:30+00:00,scored,https://www.bbdonna.com/robots.txt,200,30f6607e34ba7d05fee6871fe899ec0aad36f71749e1cb11918baf8e6f4d5ef0,3628
coverflex.com,2026-08-30T16:14:51+00:00,scored,https://www.coverflex.com/robots.txt,200,44030b846dab8f30e690b3c5265ef4ee2b71820a47799775a5f1be0b4eeb81b1,79
anthropic.com,2026-08-30T10:04:36+00:00,scored,https://www.anthropic.com/robots.txt,200,b8bb03567cf862a9024bd464bd4bd7afaf054b1029de79727b2ba94711480ec7,71
greatjonesgoods.com,2026-08-31T00:57:17+00:00,scored,https://greatjonesgoods.com/robots.txt,200,e3b0c44298fc1c149afbf4c8996fb92427ae41e4649b934ca495991b7852b855,0
diariodosacores.pt,2026-08-31T00:55:39+00:00,scored,https://diariodosacores.pt/robots.txt,200,66028366c2c3638b46186b3b5ab08e0437c3e39bd2572c2f4a71c6128c32bed3,122
setactive.co,2026-08-31T01:08:45+00:00,scored,https://setactive.co/robots.txt,200,249107591c19dcb4ea3101a275fdde018c73701e0e2980d9e802e157616a0bbe,3612
remote.com,2026-08-30T16:14:53+00:00,scored,https://remote.com/robots.txt,200,691a4b4ba705d63e0a734e63a5df754f5ce1aa85ece9ea5c5138b2de502787ff,206
eventbrite.com,2026-08-30T16:17:40+00:00,scored,https://www.eventbrite.com/robots.txt,200,b7fa62d995e2b649df4b7a9ec9fea2bc0c7461276cb58e892562d4193c498222,7559
google.com,2026-08-30T10:04:48+00:00,scored,https://www.google.com/robots.txt,200,1aba570a1b32deb66941e0c29d4f37be71ee58aa1a624aa20754b3639538cf2c,6624
wordpress.com,2026-08-30T16:23:27+00:00,scored,https://wordpress.com/robots.txt,200,afd9176153adb8a5358ceec0811f6660f3538cb400496a2712bca3b7c8d81e3a,1387
harvard.edu,2026-08-30T16:18:25+00:00,scored,https://www.harvard.edu/robots.txt,200,14353df5d44dabd47535f2f91e1fbfdf3e0cc8de10bfe8f5d79e11b1d9cc2474,748
ross.com,2026-08-31T01:08:11+00:00,scored,https://www.abbottnutrition.com/robots.txt,200,fef7c2b664741dd69f8aa7118f6b7dfb44b5ac9f0add741ba45dc75b59310390,208
guitarcenter.com,2026-08-30T16:18:14+00:00,aborted: homepage returned HTTP 403,,,,
bial.com,2026-08-31T00:47:56+00:00,scored,https://www.bial.com/robots.txt,200,755753ee21ffc45dc915179661225e72953cb948b37172374712319948d2e1df,155
honeybadger.io,2026-08-31T00:57:39+00:00,scored,https://www.honeybadger.io/robots.txt,200,3665e08c4a990271c64129c73c2591d4e3bfeff2efd8c599fa14956ec373fda4,78
goat.com,2026-08-31T00:56:00+00:00,scored,https://www.goat.com/robots.txt,200,4f7212f1dd47e7cf2278715af9408f2b5c51c1356ca65ced7bc09899abeeed0b,1618
temu.com,2026-08-30T16:22:27+00:00,scored,https://www.temu.com/robots.txt,200,e6791399506405731bf4f737044195aee793aa81d5c17e12f7a79d82c0b3d8b8,8239
viagens.sapo.pt,2026-08-31T01:11:34+00:00,scored,https://sapo.pt/robots.txt,200,2efae8da84c999734a63b79149ee3af068fd8a9bb415ae202231011c81e714d3,2118
ebay.com,2026-08-30T10:04:36+00:00,aborted: homepage returned HTTP 403,,,,
theatlantic.com,2026-08-30T16:22:40+00:00,scored,https://www.theatlantic.com/robots.txt,200,4ec505c89c42a966e879604a0bee99b9f7721387cfc829d6d5d55cb6f52f9daf,3649
hostinger.com,2026-08-30T16:18:35+00:00,scored,https://www.hostinger.com/robots.txt,200,42e115b43d853f196942bc3be677e957ad8551d9b62359fe174f001f5aef5731,18017
helixsleep.com,2026-08-31T00:57:32+00:00,aborted: homepage returned HTTP 403,,,,
wikipedia.org,2026-08-30T10:05:16+00:00,scored,https://www.wikipedia.org/robots.txt,200,48b98d80c8444d37cdf50cc9a4d2257b66039477e581066d2356062a4cbd678f,28275
lojadasmeias.pt,2026-08-31T00:59:22+00:00,scored,https://www.lojadasmeias.pt/robots.txt,200,c5fc62ddbc02159dcfaa53bc958f4ae5c340dfa437a5f00b20be5d69cb0caf51,211
curology.com,2026-08-30T16:17:01+00:00,scored,https://curology.com/robots.txt,200,04f69f2ba076ea78e24fd912a99c1e4f9f6f6784257572cd1a6aafe274775763,388
aeo.com,2026-08-31T00:44:57+00:00,scored,https://www.ae.com/robots.txt,200,69e56959e51eded1d2429c4d4c337ce492ec83653ea9471992b4ec686c11a606,361
columbia.com,2026-08-31T00:52:54+00:00,scored,https://www.columbia.com/robots.txt,200,e093ff5e9539b6006f267d21c914fa471c6d7be15ade4741717acb7540563af9,2289
portugalglobal.pt,2026-08-30T16:14:57+00:00,scored,https://portugalglobal.pt/robots.txt,404,,
lowes.com,2026-08-30T16:19:07+00:00,scored,https://www.lowes.com/robots.txt,403,,
themarshallproject.org,2026-08-31T01:11:00+00:00,scored,https://www.themarshallproject.org/robots.txt,200,5d0e999c4bc15bd3f3f12ab0110900a5d831315be69b776f5cfcecc515d53086,130
shein.com,2026-08-30T16:22:09+00:00,scored,https://pt.shein.com/robots.txt,200,fea18857c06ccff8ffe0eac535783846e8bd3c5c98f8f4e49f1f6b245ed45cf6,66
edx.org,2026-08-30T16:17:32+00:00,scored,https://www.edx.org/robots.txt,200,0f48d4f23cc1244118140f294cea98e6e4ea7036d3fc02bf5cd453a644e9782e,1550
bysteel.pt,2026-08-31T00:50:18+00:00,scored,https://bysteel.pt/robots.txt,200,200a9550bdd057d07ec1af6a22d5940b2092c363632bb1682550b291fc965c22,112
casais.pt,2026-08-31T00:50:22+00:00,scored,https://casais.pt/robots.txt,200,ffada47ce69695c2fea17ac83cf2e41580f4bf855836667247110dc9854d7208,113
itsector.pt,2026-08-31T00:58:22+00:00,scored,https://www.itsector.com/robots.txt,200,3d804baa8ceff9c50f0d360b32d23e00d241edd2661b162bfa84affb2bc4316d,211
cucawik.com,2026-08-30T15:27:19+00:00,scored,https://cucawik.com/robots.txt,200,0ae07afa4b0d23f6306f36f1646b8f44086ce173de2eb986465f04c9958df969,7277
warbyparker.com,2026-08-30T16:23:09+00:00,scored,https://www.warbyparker.com/robots.txt,200,aedeaf1e7d2940ff19d2b9066e70e5a627e29180a5a01af4db41ae4ab7a352a4,1117
thedispatch.com,2026-08-31T01:11:14+00:00,scored,https://thedispatch.com/robots.txt,200,849401fe651dc7f912d892799944def03a727e111f7e0b8529aab85942ca57c9,606
loqr.io,2026-08-31T00:59:25+00:00,scored,https://loqr.com/robots.txt,404,,
influxdata.com,2026-08-31T00:58:07+00:00,scored,https://www.influxdata.com/robots.txt,200,7b2a9cb962da0b02d8243fa01536aedacdde25ad90b0c07b8763b114fa0b3b81,4687
paisefilhos.pt,2026-08-30T16:14:56+00:00,aborted: homepage returned HTTP 403,,,,
monday.com,2026-08-30T16:20:20+00:00,scored,https://monday.com/robots.txt,200,2dfc4fa504381ce292062740f5cc0c42c6711b0113fdca6cbe1e648e8cb3cbb1,3091
tmg.pt,2026-08-31T01:11:21+00:00,scored,https://tmg.pt/robots.txt,404,,
pura-ecoconcept.pt,2026-08-30T15:30:36+00:00,scored,https://pura-ecoconcept.pt/robots.txt,200,42ebda41d3118954cadb95d60031b229140942a25a4cd7be07f9afd405fbd629,7215
buildkite.com,2026-08-31T00:50:12+00:00,scored,https://buildkite.com/robots.txt,200,13f65caa11a9effff0338711589b359e016d04ac40463a5af23c875ef2138865,337
nespresso.pt,2026-08-31T01:02:06+00:00,aborted: homepage unreachable: network: ConnectError,,,,
theregister.com,2026-08-31T01:11:04+00:00,scored,https://www.theregister.com/robots.txt,200,fe0613a0fea268b74579892a25300825897a59a195c810c7cf70a2551458234c,6886
pplware.sapo.pt,2026-08-30T10:02:35+00:00,scored,https://pplware.sapo.pt/robots.txt,200,296c5b4bf5cec3a762d61248c56f51c09b18fa97df0406e7fdf90f3fb1fbdcc0,839
susanaduarte.com,2026-08-30T15:43:28+00:00,scored,https://susanaduarte.com/robots.txt,200,c727b98b6c9a567a32479d5f5570c74d03c221455daa81892dfe4045f8ff0d93,7209
sanahotels.com,2026-08-31T01:08:13+00:00,scored,https://sanahotels.com/robots.txt,200,f023633de8456055a4d2c85a5bc0a1655ebbe5b1940576193adde23e5e2ada73,2811
pinterest.com,2026-08-30T16:21:26+00:00,scored,https://www.pinterest.com/robots.txt,200,3f86f4a7782b66aa69d89920d76d934e086ad95fc746eb8fb2c7443b6ae8179a,30906
casalgarcia.com,2026-08-31T00:51:14+00:00,scored,https://casalgarcia.com/robots.txt,200,299213679c802348d44c528cb38a72eb16b88e468c52942b2d322f561ba31c2a,390
tsf.pt,2026-08-30T10:02:59+00:00,scored,https://www.tsf.pt/robots.txt,200,53492fdb4dd3d12ec8210693899e46b9a0ddf89c589e737a1f1c94d5fe2c4697,2622
si.edu,2026-08-30T16:22:08+00:00,scored,https://www.si.edu/robots.txt,200,5b0838a681529c175af82922e0733edc3f369c61bdbf83536981d2560f5fab87,3863
olipop.com,2026-08-30T16:21:09+00:00,scored,http://olipop.com/robots.txt,404,,
tonic.app,2026-08-30T16:14:53+00:00,scored,https://tonic.app/robots.txt,200,84f7242b69a0d079d88d20a768e20124979f0499d2b0e5b947cc4b32bc07dff9,66
barrons.com,2026-08-31T00:47:29+00:00,scored,https://www.barrons.com/robots.txt,200,8d7bf960d4c90f01446da834cb0080e297d5f34a20888ef5ae69c946c33082bb,3585
arcteryx.com,2026-08-31T00:49:56+00:00,scored,https://arcteryx.com/robots.txt,200,760019444b25e20a92e16c526e38a49d39c389a32a5feb2ca63d09ee28ca94b2,1994
patagonia.com,2026-08-30T16:21:17+00:00,aborted: homepage returned HTTP 404,,,,
cotopaxi.com,2026-08-31T00:54:43+00:00,scored,https://www.cotopaxi.com/robots.txt,200,7c051f6dfc87a9c256f1cd46c086471e3d4bb0a795932b4e4d5dc38766651ce1,3624
pituka.pt,2026-08-30T15:42:09+00:00,scored,https://www.pituka.pt/robots.txt,200,b6f6aaffa48aed5b641a1318d98d1d5db23ad00046bfda3260afb74ab1298746,7285
harrys.com,2026-08-30T16:18:24+00:00,scored,https://www.harrys.com/robots.txt,200,73f6ac256e2b4ef4105aaac5f9c5bf91b327d9d4cb90e3196165517a12ce4067,390
raygun.com,2026-08-31T01:04:59+00:00,scored,https://raygun.com/robots.txt,200,9bb34ff316497c8508e6ac59131e97a0f8ba91c042a24c4a419a66b0a90d9f9f,842
outreach.io,2026-08-31T01:03:46+00:00,scored,https://www.outreach.ai/robots.txt,200,013cfa316e6ad779c0f9fe5fcf72873bfcb653333f3a66469f9910f36300651c,692
axios.com,2026-08-30T16:15:23+00:00,aborted: homepage returned HTTP 403,,,,
smartwool.com,2026-08-31T01:09:08+00:00,scored,https://www.smartwool.com/robots.txt,200,bdbe65b5b489f43e59f2136f76f6da24df796aa432b6bc761b0ff19cd560cba5,6142
diariodecoimbra.pt,2026-08-30T10:01:33+00:00,scored,https://www.diariocoimbra.pt/robots.txt,200,10748aabe60644f121edc4b09d289f44c2e160ded8641ce43ecb38b76403b702,436
simoldes.com,2026-08-31T01:09:01+00:00,scored,https://www.simoldes.com/robots.txt,200,613ac7e358e638ba8c77fc9236aec81162fccd31dd83d03960162303931c2c61,252
sabado.pt,2026-08-30T10:02:15+00:00,scored,https://www.sabado.pt/robots.txt,404,,
concentra.pt,2026-08-31T00:53:33+00:00,scored,https://concentra.pt/robots.txt,200,bc2653b94950ec374e1649a5681cce3f238446ab998988a572be0039b8fa2db7,30038
cdc.gov,2026-08-30T16:16:49+00:00,scored,https://cdc.gov/robots.txt,200,2837016c20845bf0f86ecfad68dbb4d37993338ee4584abd502087da48ea5ca7,1699
ctt.pt,2026-08-31T00:54:42+00:00,scored,https://www.ctt.pt/robots.txt,200,5b4ea5f52ba7268381824804f0fab9bc638bf64e4105d08b1cb30637dbf2d3ae,2097
floyddetroit.com,2026-08-30T16:17:53+00:00,scored,https://floydhome.com/robots.txt,200,a65ac4fad13da5a6fac3faab9d97914f3f21baaa60c97621681f9e6ca278087f,3620
stanford.edu,2026-08-30T16:22:25+00:00,scored,https://www.stanford.edu/robots.txt,200,aadf777d4727200060490d80c1e1c942e45fbdc03ee179aaee40ef1de72dffbd,197
grupopestana.com,2026-08-31T00:57:23+00:00,scored,http://grupopestana.com/robots.txt,404,,
ionline.sapo.pt,2026-08-30T16:14:55+00:00,scored,https://sol.iol.pt/robots.txt,200,995bc3ec4894ca03ef7c6d20b6495566d8eeb6ff82c9c456f866268872f8afd3,528
nordstromrack.com,2026-08-31T01:03:44+00:00,scored,https://www.nordstromrack.com/robots.txt,200,98a89d244b265170bf778dfb12fbe719c587a2befc809176cadb42b8b1012b17,1224
poshmark.com,2026-08-31T01:04:13+00:00,scored,https://poshmark.com/robots.txt,200,c32322d92f106664bc02244f956789fa036c13a94c891fee3a81d58f98248fed,1027
isto.pt,2026-08-31T00:58:19+00:00,scored,https://isto.pt/robots.txt,200,3e1018118f3a5b6da72cd2bb7480500accfacc1afbcc127db0d82b9f55f99d44,3596
steepandcheap.com,2026-08-31T01:09:37+00:00,scored,https://static.backcountry.com/robots.txt,403,,
regiaodeleiria.pt,2026-08-31T01:05:02+00:00,scored,https://www.regiaodeleiria.pt/robots.txt,200,38dbf404e2e5de388a3bcb3b5d76fe99e9f2962d20beb125f569c6763be29ce8,2131
utilitydive.com,2026-08-31T01:11:42+00:00,scored,https://www.utilitydive.com/robots.txt,200,00fb88aa4b686c39176c3fd66d03c69e22d976ff1a34926199cc2b7403ea32a0,4954
mizzenandmain.com,2026-08-31T01:01:02+00:00,aborted: homepage returned HTTP 429,,,,
stitchfix.com,2026-08-31T01:09:42+00:00,scored,https://www.stitchfix.com/robots.txt,200,876f37b0e93e4092aae81f4d870e95414799b4e94313eb82a0ed7907677ed790,565
neon.tech,2026-08-31T01:01:48+00:00,scored,https://neon.com/robots.txt,200,e301bd0c5d27ca6523db081c2af5790bbadf529165d3bda364162a321f8562ba,300
militarytimes.com,2026-08-31T01:00:09+00:00,scored,https://www.militarytimes.com/robots.txt,200,9e07facf510b14060c15266fc19a6a79ca2c1dab5865ffe93341ceec9acb2b1b,258
texastribune.org,2026-08-30T16:22:35+00:00,scored,https://www.texastribune.org/robots.txt,200,69ee666110ea84e89e300df3e7065136109e6010dccff20a3671c53cf57b91ef,256
vilagale.com,2026-08-31T01:13:13+00:00,aborted: homepage unreachable: timeout,,,,
foxnews.com,2026-08-30T16:18:00+00:00,scored,https://www.foxnews.com/robots.txt,200,4abc1bd3b4d0b87c64de7eba0eafe63dd90415f25d12133d88d7225cacb9dc07,301
rei.com,2026-08-30T16:21:37+00:00,aborted: homepage returned HTTP 403,,,,
saksfifthavenue.com,2026-08-31T01:08:10+00:00,aborted: homepage returned HTTP 403,,,,
belk.com,2026-08-31T00:47:42+00:00,aborted: homepage returned HTTP 403,,,,
techcrunch.com,2026-08-30T10:05:25+00:00,scored,https://techcrunch.com/robots.txt,200,5fbefc8fdb1ded6f6e24100293afdf08e45ac81a21a51b7a65b27e484c6a03e9,710
getresponse.com,2026-08-31T00:55:55+00:00,scored,https://www.getresponse.com/robots.txt,200,4e7c3a8315b0849ebc1aa8cc0902a0f212f6bb5df0c983c6f948bf414cc3cf64,6152
papertrail.com,2026-08-31T01:03:51+00:00,aborted: homepage returned HTTP 403,,,,
caraway.com,2026-08-31T00:51:51+00:00,aborted: homepage unreachable: timeout,,,,
kuhl.com,2026-08-31T00:58:52+00:00,scored,https://www.kuhl.com/robots.txt,200,ccce9809433c8649da142c74a44c78f3cad5c55fdd24209c422bf68be2e059e4,3303
predial.pt,2026-08-31T01:04:33+00:00,scored,https://predial.pt/robots.txt,200,b95722026cd06f958f184ca74a7a09a2201948303b1d09056b90c57a1ac4fba1,64
alo.com,2026-08-31T00:45:09+00:00,scored,https://www.aloyoga.com/robots.txt,200,7f27518357f5f401afa95533b65b15fa3d705babc6dabd87d1f00dd4a148473b,3622
techradar.com,2026-08-31T01:10:46+00:00,scored,https://www.techradar.com/robots.txt,200,405af61d31b0235d150e6f413f41e794bd76f910416610ceec30a688f235d6ea,3357
iterable.com,2026-08-31T00:58:30+00:00,scored,https://iterable.com/robots.txt,200,180d79190b894f0036cc61a1b183241beafc41f1b7aa33719bb01f30528afa69,170
nunogama.pt,2026-08-31T01:03:39+00:00,scored,https://nunogama.pt/robots.txt,200,d7167b57f7dc659b5ec151ac42418f3b5e014bd8f2c7eb1af773e67c20df29a1,314
airbrake.io,2026-08-31T00:44:58+00:00,scored,https://www.airbrake.io/robots.txt,404,,
noticiasdeaveiro.pt,2026-08-31T01:03:31+00:00,scored,https://www.noticiasdeaveiro.pt/robots.txt,200,6ad305908c8935f983cae5f7c87c986a75f19c7a49f5923b6a9bbfa25bc54cff,181
asenhoradomonte.com,2026-08-30T16:15:09+00:00,scored,https://asenhoradomonte.com/robots.txt,200,964c7d3801f31d47dc1e89612d435c50dc5c8aa08c766066ee19539b65018070,255
kiplinger.com,2026-08-31T00:58:34+00:00,scored,https://www.kiplinger.com/robots.txt,200,a2db4b6d7e1446065280cb269ee03ba4cfa812240d8605e5404788a94b74f316,1794
briefing.pt,2026-08-31T00:50:07+00:00,scored,https://www.briefing.pt/robots.txt,200,1fc4239857d522ccda44a8c8802a87aabcc7cae0de6d38a4e890c003e263fa85,329
sanjo.pt,2026-08-31T01:08:20+00:00,scored,https://sanjo.pt/robots.txt,200,3b947eb1f4b1084f2e410265766db99b57c1315b186520c5948e3f8c78a27949,3600
misen.com,2026-08-31T01:00:04+00:00,scored,https://misen.com/robots.txt,200,c0091624b1adefe854ef94c8aad685427176236e48534ba580166bc1a3999a40,3598
colep.com,2026-08-31T00:52:48+00:00,scored,http://www.colep.com/robots.txt,200,f294497c23e37748b3a2ff5f4360e22b288c8a6c2a469c5566dd9809698154a1,2590
farmaciaonline.pt,2026-08-31T00:55:32+00:00,scored,https://farmaciaonline.pt/robots.txt,200,8fa3036c68bfcbd32365f6225d24333264093b7cd38d306e106b4dbdc934fd5b,1248
customer.io,2026-08-31T00:54:42+00:00,scored,https://customer.io/robots.txt,200,cc54cc9b2e55629caf1c43c90de56550da9d36de8e1021d0c5caef7fbe0e1b7d,522
niemanlab.org,2026-08-31T01:02:24+00:00,scored,https://www.niemanlab.org/robots.txt,200,8169d0adb19a6be4615fcce901d3a0928939343bdfa4800ec0098c434da28545,2076
jeronimomartins.com,2026-08-31T00:58:31+00:00,scored,https://www.jeronimomartins.com/robots.txt,200,9e22b988bbb9a96b576e695569be5c12846d0d9f5c71e01dbb78991357a03c20,1114
jm-madeira.pt,2026-08-31T00:58:25+00:00,scored,https://www.jm-madeira.pt/robots.txt,200,d32ccbb3d9463b08ecb0ff22b2f48bf818e0642ab4bc1ba4c248b92aa87672fa,14819
moosejaw.com,2026-08-31T01:01:39+00:00,aborted: homepage returned HTTP 451,,,,
thenavigatorcompany.com,2026-08-31T01:11:06+00:00,scored,https://thenavigatorcompany.com/robots.txt,200,62771f804af39f5448159ec396c1223884c1b70a66c2d0221c89ab46d1b5edd3,255
sulinformacao.pt,2026-08-31T01:10:42+00:00,scored,https://www.sulinformacao.pt/robots.txt,200,f8f6649dc495eb0d7696053bc4e332402d75b3f38f786f5d7fa323a8dc2679a9,248
indeed.pt,2026-08-31T00:57:55+00:00,aborted: homepage returned HTTP 403,,,,
miniclip.com,2026-08-31T01:00:00+00:00,scored,https://miniclip.com/robots.txt,200,603587120bf7a39aaec16e02e0665735019d2281f3bf16ae1eaa57d532dc5372,23
oxo.com,2026-08-31T01:04:04+00:00,scored,https://www.oxo.com/robots.txt,200,deb3843d257ca6ef09112808ad8b18535c343082e4e98ec0325f15c1a0f88899,1325
bhldn.com,2026-08-31T00:47:51+00:00,aborted: homepage returned HTTP 403,,,,
altri.pt,2026-08-31T00:45:13+00:00,scored,https://altri.pt/robots.txt,200,f6888eca9218a668b3b8b1552c936771ab147ae013760a0b809c25f0e2902e69,42
travis-ci.com,2026-08-31T01:11:27+00:00,scored,https://www.travis-ci.com/robots.txt,200,e3b0c44298fc1c149afbf4c8996fb92427ae41e4649b934ca495991b7852b855,0
hackernoon.com,2026-08-31T00:57:23+00:00,scored,https://hackernoon.com/robots.txt,200,f996cba0dd49f51b5c6f1ea27291f51cc9cbbeef0a644432354da9d0cca866e6,4959
lactogal.pt,2026-08-31T00:58:44+00:00,scored,https://grupolactogal.com/robots.txt,200,cc5bb1fedc6c790e3149a37cf53d0dd0145ae0c66530534b3f205a4f6dafe66c,27
